row,code,parent_code,level,name,macro_stage_id,macro_stage,reason,object_types,review
4,10.,,1,Подготовка территории,1,Подготовка территории,правило 10.,Жильё|Образование|Здравоохранение|Спорт|Культура|Административные здания|ДОУ|Офисно-деловой центр|Дороги,
5,10.1.,,2,Отселение домов в пятне застройки,1,Подготовка территории,правило 10.,Жильё|Образование|Здравоохранение|Спорт|Культура|Административные здания|ДОУ|Офисно-деловой центр|Дороги,
6,10.2.,,2,Вынос инженерных систем из пятна застройки (ЦТП/ТП/сети),1,Подготовка территории,правило 10.,Жильё|Образование|Здравоохранение|Спорт|Культура|Административные здания|ДОУ|Офисно-деловой центр|Дороги,
7,,10.2.,0,Вынос сетей: теплосеть (ЦТП),1,Подготовка территории,наследует 10.2.,Жильё|Образование|Здравоохранение|Спорт|Культура|Административные здания|ДОУ|Офисно-деловой центр|Дороги,
8,,10.2.,0,Вынос сетей: теплосеть (сети),1,Подготовка территории,наследует 10.2.,Жильё|Образование|Здравоохранение|Спорт|Культура|Административные здания|ДОУ|Офисно-деловой центр|Дороги,
9,,10.2.,0,Вынос сетей: теплосеть,1,Подготовка территории,наследует 10.2.,Жильё|Образование|Здравоохранение|Спорт|Культура|Административные здания|ДОУ|Офисно-деловой центр|Дороги,
10,,10.2.,0,Вынос сетей: водоснабжение,1,Подготовка территории,наследует 10.2.,Жильё|Образование|Здравоохранение|Спорт|Культура|Административные здания|ДОУ|Офисно-деловой центр|Дороги,
11,,10.2.,0,Вынос сетей: Х/Б канализация,1,Подготовка территории,наследует 10.2.,Жильё|Образование|Здравоохранение|Спорт|Культура|Административные здания|ДОУ|Офисно-деловой центр|Дороги,
12,,10.2.,0,Вынос сетей: ливневая канализация,1,Подготовка территории,наследует 10.2.,Жильё|Образование|Здравоохранение|Спорт|Культура|Административные здания|ДОУ|Офисно-деловой центр|Дороги,
13,,10.2.,0,Вынос сетей: газоснабжение,1,Подготовка территории,наследует 10.2.,Жильё|Образование|Здравоохранение|Спорт|Культура|Административные здания|ДОУ|Офисно-деловой центр|Дороги,
14,,10.2.,0,Вынос сетей: электроснабжение (ТП),1,Подготовка территории,наследует 10.2.,Жильё|Образование|Здравоохранение|Спорт|Культура|Административные здания|ДОУ|Офисно-деловой центр|Дороги,
15,,10.2.,0,Вынос сетей: электроснабжение (сети),1,Подготовка территории,наследует 10.2.,Жильё|Образование|Здравоохранение|Спорт|Культура|Административные здания|ДОУ|Офисно-деловой центр|Дороги,
16,,10.2.,0,Вынос сетей: электроснабжение,1,Подготовка территории,наследует 10.2.,Жильё|Образование|Здравоохранение|Спорт|Культура|Административные здания|ДОУ|Офисно-деловой центр|Дороги,
17,,10.2.,0,Вынос сетей: сети связи (КП МПТЦ),1,Подготовка территории,наследует 10.2.,Жильё|Образование|Здравоохранение|Спорт|Культура|Административные здания|ДОУ|Офисно-деловой центр|Дороги,
18,,10.2.,0,Вынос сетей: сети связи,1,Подготовка территории,наследует 10.2.,Жильё|Образование|Здравоохранение|Спорт|Культура|Административные здания|ДОУ|Офисно-деловой центр|Дороги,
19,10.3.,,2,Снос домов в пятне застройки,1,Подготовка территории,правило 10.,Жильё|Образование|Здравоохранение|Спорт|Культура|Административные здания|ДОУ|Офисно-деловой центр|Дороги,
20,10.4.,,2,Снос нежилых объектов в пятне застройки,1,Подготовка территории,правило 10.,Жильё|Образование|Здравоохранение|Спорт|Культура|Административные здания|ДОУ|Офисно-деловой центр|Дороги,
21,10.5.,,2,Вырубка зеленых насаждений,1,Подготовка территории,правило 10.,Жильё|Образование|Здравоохранение|Спорт|Культура|Административные здания|ДОУ|Офисно-деловой центр|Дороги,
22,10.6.,,2,Пересадка зеленых насождений,1,Подготовка территории,правило 10.,Жильё|Образование|Здравоохранение|Спорт|Культура|Административные здания|ДОУ|Офисно-деловой центр|Дороги,
23,10.7.,,2,Проверка посадки здания,1,Подготовка территории,правило 10.,Жильё|Образование|Здравоохранение|Спорт|Культура|Административные здания|ДОУ|Офисно-деловой центр|Дороги,
24,10.8.,,2,Демонтаж ж/б перекрытий,1,Подготовка территории,правило 10.,Жильё|Образование|Здравоохранение|Спорт|Культура|Административные здания|ДОУ|Офисно-деловой центр|Дороги,
25,10.9.,,2,Погрузка строительного мусора,1,Подготовка территории,правило 10.,Жильё|Образование|Здравоохранение|Спорт|Культура|Административные здания|ДОУ|Офисно-деловой центр|Дороги,
26,10.10.,,2,Устройство геодезических знаков,1,Подготовка территории,правило 10.,Жильё|Образование|Здравоохранение|Спорт|Культура|Административные здания|ДОУ|Офисно-деловой центр|Дороги,
27,10.11.,,2,Обустройство строительной площадки,1,Подготовка территории,правило 10.,Жильё|Образование|Здравоохранение|Спорт|Культура|Административные здания|ДОУ|Офисно-деловой центр|Дороги,
28,10.11.1.,,3,Устройство ограждения строительной площадки,1,Подготовка территории,правило 10.,Дороги,
29,10.11.2.,,3,Устройство временных инженерных сетей,1,Подготовка территории,правило 10.,Дороги,
30,10.11.3.,,3,Устройство временных внутриплощадочных и подъездных дорог,1,Подготовка территории,правило 10.,Дороги,
31,10.11.4.,,3,Возведение хозяйственно-бытового городка,1,Подготовка территории,правило 10.,Дороги,
32,10.12.,,2,Организация движения согласно ПОДД на период строительства,1,Подготовка территории,правило 10.,Жильё|Образование|Здравоохранение|Спорт|Культура|Административные здания|ДОУ|Офисно-деловой центр|Дороги,
33,10.13.,,2,Оснащение стройплощадки оборудованием по 299-ПП,1,Подготовка территории,правило 10.,Жильё|Образование|Здравоохранение|Спорт|Культура|Административные здания|ДОУ|Офисно-деловой центр|Дороги,"Оснащение стройплощадки камерами — формально этап 1, но это наш же источник данных, не наблюдаемая работа"
34,10.13.1.,,3,Видеокамеры для обзора территории стройплощадки (тип 1),1,Подготовка территории,правило 10.,Жильё|Образование|Здравоохранение|Спорт|Культура|Административные здания|ДОУ|Офисно-деловой центр|Дороги,"Оснащение стройплощадки камерами — формально этап 1, но это наш же источник данных, не наблюдаемая работа"
35,10.13.2.,,3,Видеокамеры для установки на КПП в зоне входа/выхода на стройплощадку (тип 2),1,Подготовка территории,правило 10.,Жильё|Образование|Здравоохранение|Спорт|Культура|Административные здания|ДОУ|Офисно-деловой центр|Дороги,"Оснащение стройплощадки камерами — формально этап 1, но это наш же источник данных, не наблюдаемая работа"
36,10.13.3.,,3,Видеокамеры для обзора зоны въезда/выезда на стройплощадку с распознаванием гос. номера ТС (тип 3),1,Подготовка территории,правило 10.,Жильё|Образование|Здравоохранение|Спорт|Культура|Административные здания|ДОУ|Офисно-деловой центр|Дороги,"Оснащение стройплощадки камерами — формально этап 1, но это наш же источник данных, не наблюдаемая работа"
37,10.13.4.,,3,Установка датчиков шума (тип 4) (при необходимости),1,Подготовка территории,правило 10.,Жильё|Образование|Здравоохранение|Спорт|Культура|Административные здания|ДОУ|Офисно-деловой центр|Дороги,"Оснащение стройплощадки камерами — формально этап 1, но это наш же источник данных, не наблюдаемая работа"
38,10.14.,,2,Оснащение стройплощадки системой СКУД с Face ID,1,Подготовка территории,правило 10.,Жильё|Образование|Здравоохранение|Спорт|Культура|Административные здания|ДОУ|Офисно-деловой центр|Дороги,
39,10.14.1.,,3,Закупка оборудования,1,Подготовка территории,правило 10.,Жильё|Образование|Здравоохранение|Спорт|Культура|Административные здания|ДОУ|Офисно-деловой центр|Дороги,
40,10.14.2.,,3,Установка оборудования СКУД с FaceID,1,Подготовка территории,правило 10.,Жильё|Образование|Здравоохранение|Спорт|Культура|Административные здания|ДОУ|Офисно-деловой центр|Дороги,
41,10.14.3.,,3,Интеграция с ЕЦХД,1,Подготовка территории,правило 10.,Жильё|Образование|Здравоохранение|Спорт|Культура|Административные здания|ДОУ|Офисно-деловой центр|Дороги,
42,10.14.4.,,3,Проведение работ по интеграционному тестированию,1,Подготовка территории,правило 10.,Жильё|Образование|Здравоохранение|Спорт|Культура|Административные здания|ДОУ|Офисно-деловой центр|Дороги,
43,12,,1,Выполнение строительно-монтажных работ,-2,раздел,заголовок раздела,Жильё|Образование|Здравоохранение|Спорт|Культура|Административные здания|ДОУ|Офисно-деловой центр|Дороги,
44,12.1.,,2,Сборка и подготовка устройства ТПМК,0,ИСКЛЮЧЕНО,"тоннелепроходка, вне скоупа прототипа",Дороги,
45,12.2.,,2,Проходка тоннелей с монтажем ж/б обделки,0,ИСКЛЮЧЕНО,"тоннелепроходка, вне скоупа прототипа",Дороги,
46,12.3.,,2,Устройство подземной части,-2,раздел,заголовок раздела,Жильё|Образование|Здравоохранение|Спорт|Культура|Административные здания|ДОУ|Офисно-деловой центр|Дороги,
47,12.3.1.,,3,Устройство котлована,3,"Земляные работы, котлован",правило 12.3.1.,Жильё|Образование|Здравоохранение|Спорт|Культура|Административные здания|ДОУ|Офисно-деловой центр|Дороги,
48,12.3.2.,,3,Устройство свай,2,"Ограждение котлована, шпунт, сваи",правило 12.3.2.,Дороги,
49,12.3.3.,,3,Устройство основания,3,"Земляные работы, котлован",правило 12.3.3.,Дороги,
50,12.3.4.,,3,Устройство фундамента,4,Монолит подземной части,правило 12.3.4.,Жильё|Образование|Здравоохранение|Спорт|Культура|Административные здания|ДОУ|Офисно-деловой центр|Дороги,"«Устройство фундамента» содержит и свайные работы (этап 2), и бетонирование (этап 4)"
51,,12.3.4.,0,Устройство свайного фундамента (при необходимости),2,"Ограждение котлована, шпунт, сваи",переопределено: свайные работы предшествуют бетонированию,Жильё|Образование|Здравоохранение|Спорт|Культура|Административные здания|ДОУ|Офисно-деловой центр|Дороги,"«Устройство фундамента» содержит и свайные работы (этап 2), и бетонирование (этап 4)"
52,,12.3.4.,0,Устройство песчаной подготовки,4,Монолит подземной части,наследует 12.3.4.,Жильё|Образование|Здравоохранение|Спорт|Культура|Административные здания|ДОУ|Офисно-деловой центр|Дороги,"«Устройство фундамента» содержит и свайные работы (этап 2), и бетонирование (этап 4)"
53,,12.3.4.,0,Устройство щебеночного основания,4,Монолит подземной части,наследует 12.3.4.,Жильё|Образование|Здравоохранение|Спорт|Культура|Административные здания|ДОУ|Офисно-деловой центр|Дороги,"«Устройство фундамента» содержит и свайные работы (этап 2), и бетонирование (этап 4)"
54,,12.3.4.,0,Устройство бетонной подготовки,4,Монолит подземной части,наследует 12.3.4.,Жильё|Образование|Здравоохранение|Спорт|Культура|Административные здания|ДОУ|Офисно-деловой центр|Дороги,"«Устройство фундамента» содержит и свайные работы (этап 2), и бетонирование (этап 4)"
55,,12.3.4.,0,Устройство монолитных ж/б плит перекрытия/покрытия,4,Монолит подземной части,наследует 12.3.4.,Жильё|Образование|Здравоохранение|Спорт|Культура|Административные здания|ДОУ|Офисно-деловой центр|Дороги,"«Устройство фундамента» содержит и свайные работы (этап 2), и бетонирование (этап 4)"
56,,12.3.4.,0,Устройство фундаментной плиты,4,Монолит подземной части,наследует 12.3.4.,Жильё|Образование|Здравоохранение|Спорт|Культура|Административные здания|ДОУ|Офисно-деловой центр,"«Устройство фундамента» содержит и свайные работы (этап 2), и бетонирование (этап 4)"
57,,12.3.4.,0,Устройство фундамента под башенный кран,4,Монолит подземной части,наследует 12.3.4.,Жильё|Образование|Здравоохранение|Спорт|Культура|Административные здания|ДОУ|Офисно-деловой центр,"«Устройство фундамента» содержит и свайные работы (этап 2), и бетонирование (этап 4)"
58,,12.3.4.,0,Армокаркас,4,Монолит подземной части,наследует 12.3.4.,Дороги,"«Устройство фундамента» содержит и свайные работы (этап 2), и бетонирование (этап 4)"
59,12.3.5.,,3,"Ограждающие конструкции (СВГ,БСС)",2,"Ограждение котлована, шпунт, сваи",правило 12.3.5.,Образование|Здравоохранение|Спорт|Культура|Административные здания|ДОУ|Офисно-деловой центр|Дороги,
60,,12.3.5.,0,"Устройство скважины интервала (бурение, разработка, погружение каркаса, бетонирование)",2,"Ограждение котлована, шпунт, сваи",наследует 12.3.5.,Образование|Здравоохранение|Спорт|Культура|Административные здания|ДОУ|Офисно-деловой центр|Дороги,
61,,12.3.5.,0,Закрепление грунтов,2,"Ограждение котлована, шпунт, сваи",наследует 12.3.5.,Образование|Здравоохранение|Спорт|Культура|Административные здания|ДОУ|Офисно-деловой центр|Дороги,
62,,12.3.5.,0,Обвязочная балка,2,"Ограждение котлована, шпунт, сваи",наследует 12.3.5.,Образование|Здравоохранение|Спорт|Культура|Административные здания|ДОУ|Офисно-деловой центр|Дороги,
63,12.3.6.,,3,Устройство ограждающих конструкций котлована,2,"Ограждение котлована, шпунт, сваи",правило 12.3.6.,Образование|Здравоохранение|Спорт|Культура|Административные здания|Дороги,
64,12.3.7.,,3,Земляные работы,3,"Земляные работы, котлован",правило 12.3.7.,Образование|Здравоохранение|Спорт|Культура|Административные здания|ДОУ|Офисно-деловой центр|Дороги,
65,,12.3.7.,0,Разработка грунта,3,"Земляные работы, котлован",наследует 12.3.7.,Образование|Здравоохранение|Спорт|Культура|Административные здания|ДОУ|Офисно-деловой центр|Дороги,
66,,12.3.7.,0,Обратная засыпка,3,"Земляные работы, котлован",наследует 12.3.7.,Образование|Здравоохранение|Спорт|Культура|Административные здания|ДОУ|Офисно-деловой центр|Дороги,
67,,12.3.7.,0,Планировка грунта,3,"Земляные работы, котлован",наследует 12.3.7.,Образование|Здравоохранение|Спорт|Культура|Административные здания|ДОУ|Офисно-деловой центр|Дороги,
68,,12.3.7.,0,Уплотнение грунта,3,"Земляные работы, котлован",наследует 12.3.7.,Образование|Здравоохранение|Спорт|Культура|Административные здания|ДОУ|Офисно-деловой центр|Дороги,
69,,12.3.7.,0,Распорная система,3,"Земляные работы, котлован",наследует 12.3.7.,Образование|Здравоохранение|Спорт|Культура|Административные здания|ДОУ|Офисно-деловой центр|Дороги,
70,,12.3.7.,0,Шпунтовое ограждение,2,"Ограждение котлована, шпунт, сваи","переопределено: шпунт — ограждение котлована, не земляные работы",Жильё|Образование|Здравоохранение|Спорт|Культура|Административные здания|ДОУ|Офисно-деловой центр|Дороги,
71,,12.3.7.,0,"Устройство шпунтового ограждения котлована, устройство деревянной забирки",3,"Земляные работы, котлован",наследует 12.3.7.,Жильё|Образование|Здравоохранение|Спорт|Культура|Административные здания|ДОУ|Офисно-деловой центр|Дороги,
72,,12.3.7.,0,Выемка грунта котлована,3,"Земляные работы, котлован",переопределено: земляные работы,Жильё|Образование|Здравоохранение|Спорт|Культура|Административные здания|ДОУ|Офисно-деловой центр|Дороги,
73,,12.3.7.,0,Разработка грунта с креплением котлована,3,"Земляные работы, котлован",переопределено: земляные работы,Жильё|Образование|Здравоохранение|Спорт|Культура|Административные здания|ДОУ|Офисно-деловой центр|Дороги,
74,,12.3.7.,0,Буронабивные сваи,2,"Ограждение котлована, шпунт, сваи",переопределено: сваи,Жильё|Образование|Здравоохранение|Спорт|Культура|Административные здания|ДОУ|Офисно-деловой центр|Дороги,
75,,12.3.7.,0,Буроинъекционные сваи,2,"Ограждение котлована, шпунт, сваи",переопределено: сваи,Жильё|Образование|Здравоохранение|Спорт|Культура|Административные здания|ДОУ|Офисно-деловой центр|Дороги,
76,,12.3.7.,0,Песчаное основание,3,"Земляные работы, котлован",наследует 12.3.7.,Жильё|Образование|Здравоохранение|Спорт|Культура|Административные здания|ДОУ|Офисно-деловой центр|Дороги,
77,,12.3.7.,0,Обратная засыпка грунтом,3,"Земляные работы, котлован",наследует 12.3.7.,Жильё|Образование|Здравоохранение|Спорт|Культура|Административные здания|ДОУ|Офисно-деловой центр|Дороги,
78,,12.3.7.,0,Обратная засыпка песком,3,"Земляные работы, котлован",наследует 12.3.7.,Жильё|Образование|Здравоохранение|Спорт|Культура|Административные здания|ДОУ|Офисно-деловой центр|Дороги,
79,12.3.8.,,3,Основание нижнего слоя дорожной одежды (в т.ч. Песчано-подстилающий слой),0,ИСКЛЮЧЕНО,"специфика линейных объектов, вне скоупа прототипа",Дороги,
80,,12.3.8.,0,Устройство нижнего слоя основания дорожной одежды,0,ИСКЛЮЧЕНО,наследует 12.3.8.,Дороги,
81,,12.3.8.,0,Планировка нижнего слоя основания дорожной одежды,0,ИСКЛЮЧЕНО,наследует 12.3.8.,Дороги,
82,,12.3.8.,0,Уплотнение нижнего слоя основания дорожной одежды,0,ИСКЛЮЧЕНО,наследует 12.3.8.,Дороги,
83,12.3.9.,,3,"Монолитные работы ниже отметки""0""",4,Монолит подземной части,правило 12.3.9.,Жильё|Образование|Здравоохранение|Спорт|Культура|Административные здания|ДОУ|Офисно-деловой центр,
84,,12.3.9.,0,"Устройство стен, колонн и пилонов подземного этажа",4,Монолит подземной части,наследует 12.3.9.,Жильё|Образование|Здравоохранение|Спорт|Культура|Административные здания|ДОУ|Офисно-деловой центр,
85,,12.3.9.,0,"Устройство монолитной ж/б фундаментной плиты (плита под здание, плита под башенный кран, фундамент под оборудование), в т.ч. устройство бетонной подготовки",4,Монолит подземной части,наследует 12.3.9.,Жильё|Образование|Здравоохранение|Спорт|Культура|Административные здания|ДОУ|Офисно-деловой центр,
86,,12.3.9.,0,Устройство несущих ж/б контсрукций подземной части здания,4,Монолит подземной части,наследует 12.3.9.,Жильё|Образование|Здравоохранение|Спорт|Культура|Административные здания|ДОУ|Офисно-деловой центр,
87,,12.3.9.,0,Устройство монолитных ж/б колонн,4,Монолит подземной части,наследует 12.3.9.,Жильё|Образование|Здравоохранение|Спорт|Культура|Административные здания|ДОУ|Офисно-деловой центр,
88,,12.3.9.,0,Устройство монолитных ж/б плит перекрытия/покрытия,4,Монолит подземной части,наследует 12.3.9.,Жильё|Образование|Здравоохранение|Спорт|Культура|Административные здания|ДОУ|Офисно-деловой центр,
89,,12.3.9.,0,Устройство монолитных ж/б лестниц,4,Монолит подземной части,наследует 12.3.9.,Жильё|Образование|Здравоохранение|Спорт|Культура|Административные здания|ДОУ|Офисно-деловой центр,
90,,12.3.9.,0,Устройство плиты перекрытия подземного этажа (+0.000),4,Монолит подземной части,наследует 12.3.9.,Жильё|Образование|Здравоохранение|Спорт|Культура|Административные здания|ДОУ|Офисно-деловой центр,
91,12.3.10.,,3,Устройство гидроизоляции,4,Монолит подземной части,правило 12.3.10.,Жильё|Образование|Здравоохранение|Спорт|Культура|Административные здания|ДОУ|Офисно-деловой центр,
92,,12.3.10.,0,Устройство горизонтальной рулонной гидроизоляции в 2 слоя под защитой,4,Монолит подземной части,наследует 12.3.10.,Жильё|Образование|Здравоохранение|Спорт|Культура|Административные здания|ДОУ|Офисно-деловой центр,
93,,12.3.10.,0,Устройство вертикальной рулонной гидроизоляции в 2 слоя,4,Монолит подземной части,наследует 12.3.10.,Жильё|Образование|Здравоохранение|Спорт|Культура|Административные здания|ДОУ|Офисно-деловой центр,
94,,12.3.10.,0,Устройство отсечной гидроизоляции стен подвала (пакеры),4,Монолит подземной части,наследует 12.3.10.,Жильё|Образование|Здравоохранение|Спорт|Культура|Административные здания|ДОУ|Офисно-деловой центр,
95,12.3.11.,,3,Инъектирование стен подвала,4,Монолит подземной части,правило 12.3.11.,Жильё|Образование|Здравоохранение|Спорт|Культура|Административные здания|ДОУ|Офисно-деловой центр,
96,12.4.,,2,Устройство надземной части,-2,раздел,заголовок раздела,Жильё|Образование|Здравоохранение|Спорт|Культура|Административные здания|ДОУ|Офисно-деловой центр|Дороги,
97,12.4.1.,,3,Заказ оборудования,0,ИСКЛЮЧЕНО,"заказ и поставка, не строительная работа",Жильё|Образование|Здравоохранение|Спорт|Культура|Административные здания|ДОУ|Офисно-деловой центр|Дороги,
98,12.4.2.,,3,Поставка оборудования,0,ИСКЛЮЧЕНО,"заказ и поставка, не строительная работа",Жильё|Образование|Здравоохранение|Спорт|Культура|Административные здания|ДОУ|Офисно-деловой центр|Дороги,
99,12.4.3.,,3,Монтаж оборудования,0,ИСКЛЮЧЕНО,"заказ и поставка, не строительная работа",Жильё|Образование|Здравоохранение|Спорт|Культура|Административные здания|ДОУ|Офисно-деловой центр|Дороги,
100,12.4.4.,,3,Устройство несущих ж/б контсрукций надземной части здания,5,Монолит надземной части,правило 12.4.4.,Жильё|Образование|Здравоохранение|Спорт|Культура|Административные здания|ДОУ|Офисно-деловой центр|Дороги,
101,12.4.5.,,3,Армокаркас,5,Монолит надземной части,правило 12.4.5.,Дороги,
102,12.4.6.,,3,Опоры,5,Монолит надземной части,правило 12.4.6.,Образование|Здравоохранение|Спорт|Культура|Административные здания|ДОУ|Офисно-деловой центр|Дороги,
103,,12.4.6.,0,Устройство гидрозоляции,5,Монолит надземной части,наследует 12.4.6.,Образование|Здравоохранение|Спорт|Культура|Административные здания|ДОУ|Офисно-деловой центр|Дороги,
104,,12.4.6.,0,Устройство ж/б конструкций,5,Монолит надземной части,наследует 12.4.6.,Образование|Здравоохранение|Спорт|Культура|Административные здания|ДОУ|Офисно-деловой центр|Дороги,
105,,12.4.6.,0,Окраска бетонных поверхностей,5,Монолит надземной части,наследует 12.4.6.,Образование|Здравоохранение|Спорт|Культура|Административные здания|ДОУ|Офисно-деловой центр|Дороги,
106,12.4.7.,,3,Пролеты,5,Монолит надземной части,правило 12.4.7.,Дороги,
107,,12.4.7.,0,Армирование пролетного строения,5,Монолит надземной части,наследует 12.4.7.,Дороги,
108,,12.4.7.,0,Бетонирование пролетного строения,5,Монолит надземной части,наследует 12.4.7.,Дороги,
109,,12.4.7.,0,"Устройство конструкций пролетного строения (металл, балки)",5,Монолит надземной части,наследует 12.4.7.,Дороги,
110,,12.4.7.,0,Устройство конструкций кровли,5,Монолит надземной части,наследует 12.4.7.,Жильё|Образование|Здравоохранение|Спорт|Культура|Административные здания|ДОУ|Офисно-деловой центр|Дороги,
111,,12.4.7.,0,Устройство пирога кровли,5,Монолит надземной части,наследует 12.4.7.,Жильё|Образование|Здравоохранение|Спорт|Культура|Административные здания|ДОУ|Офисно-деловой центр|Дороги,
112,12.4.8.,,3,Стены и перегородки,5,Монолит надземной части,правило 12.4.8.,Жильё|Образование|Здравоохранение|Спорт|Культура|Административные здания|ДОУ|Офисно-деловой центр|Дороги,"«Стены и перегородки» — наружные стены видны (этап 7), внутренние перегородки нет. Раздел смешанный, нужно решить"
113,,12.4.8.,0,Устройство наружных стен,7,Фасад и остекление,переопределено: наружные стены — видимая оболочка здания,Жильё|Образование|Здравоохранение|Спорт|Культура|Административные здания|ДОУ|Офисно-деловой центр|Дороги,"«Стены и перегородки» — наружные стены видны (этап 7), внутренние перегородки нет. Раздел смешанный, нужно решить"
114,,12.4.8.,0,Устройство внутренних перегородок,0,ИСКЛЮЧЕНО,переопределено: внутренние перегородки не видны с камеры,Жильё|Образование|Здравоохранение|Спорт|Культура|Административные здания|ДОУ|Офисно-деловой центр|Дороги,"«Стены и перегородки» — наружные стены видны (этап 7), внутренние перегородки нет. Раздел смешанный, нужно решить"
115,,12.4.8.,0,"Устройство стен из ячеистого бетона, в т.ч. креплением их к монолитным стенам/перекрытиям, заделкой мест примыканий, установкой перемычек и армированием сеткой",5,Монолит надземной части,наследует 12.4.8.,Образование|Здравоохранение|Спорт|Культура|Административные здания|ДОУ|Офисно-деловой центр,"«Стены и перегородки» — наружные стены видны (этап 7), внутренние перегородки нет. Раздел смешанный, нужно решить"
116,,12.4.8.,0,Устройство внутренних перегородок,0,ИСКЛЮЧЕНО,переопределено: внутренние перегородки не видны с камеры,Образование|Здравоохранение|Спорт|Культура|Административные здания|ДОУ|Офисно-деловой центр,"«Стены и перегородки» — наружные стены видны (этап 7), внутренние перегородки нет. Раздел смешанный, нужно решить"
117,,12.4.8.,0,Кладка стен наружных армированных из кирпича,7,Фасад и остекление,переопределено: наружные стены — видимая оболочка здания,Образование|Здравоохранение|Спорт|Культура|Административные здания|ДОУ|Офисно-деловой центр,"«Стены и перегородки» — наружные стены видны (этап 7), внутренние перегородки нет. Раздел смешанный, нужно решить"
118,,12.4.8.,0,"Наружная облицовка поверхности стен, отливов профлистом",7,Фасад и остекление,переопределено: наружные стены — видимая оболочка здания,Образование|Здравоохранение|Спорт|Культура|Административные здания|ДОУ|Офисно-деловой центр,"«Стены и перегородки» — наружные стены видны (этап 7), внутренние перегородки нет. Раздел смешанный, нужно решить"
119,,12.4.8.,0,"Монтаж наружных стеновых сэндвич-панелей 
 (сэндвич-панели, нащельники)",7,Фасад и остекление,переопределено: наружные стены — видимая оболочка здания,Образование|Здравоохранение|Спорт|Культура|Административные здания|ДОУ|Офисно-деловой центр,"«Стены и перегородки» — наружные стены видны (этап 7), внутренние перегородки нет. Раздел смешанный, нужно решить"
120,,12.4.8.,0,"Устройство стен и перегородок из кирпича, в т.ч. креплением их к монолитным стенам/перекрытиям, заделкой мест примыканий, установкой перемычек и армированием сеткой",5,Монолит надземной части,наследует 12.4.8.,Образование|Здравоохранение|Спорт|Культура|Административные здания|ДОУ|Офисно-деловой центр,"«Стены и перегородки» — наружные стены видны (этап 7), внутренние перегородки нет. Раздел смешанный, нужно решить"
121,,12.4.8.,0,"Устройство армированных кирпичных перегородок, укладка перемычек",5,Монолит надземной части,наследует 12.4.8.,Образование|Здравоохранение|Спорт|Культура|Административные здания|ДОУ|Офисно-деловой центр,"«Стены и перегородки» — наружные стены видны (этап 7), внутренние перегородки нет. Раздел смешанный, нужно решить"
122,,12.4.8.,0,Облицовка стен ГВЛВ по металлическому каркасу с теплоизоляцией,0,ИСКЛЮЧЕНО,переопределено: ГВЛВ — внутренняя работа,Образование|Здравоохранение|Спорт|Культура|Административные здания|ДОУ|Офисно-деловой центр,"«Стены и перегородки» — наружные стены видны (этап 7), внутренние перегородки нет. Раздел смешанный, нужно решить"
123,,12.4.8.,0,Устройство армированных перегородок из газобетонных блоков,5,Монолит надземной части,наследует 12.4.8.,Образование|Здравоохранение|Спорт|Культура|Административные здания|ДОУ|Офисно-деловой центр,"«Стены и перегородки» — наружные стены видны (этап 7), внутренние перегородки нет. Раздел смешанный, нужно решить"
124,,12.4.8.,0,Устройство армированных внутренних перегородок из газобетонного блока,0,ИСКЛЮЧЕНО,переопределено: внутренние перегородки не видны с камеры,Образование|Здравоохранение|Спорт|Культура|Административные здания|ДОУ|Офисно-деловой центр,"«Стены и перегородки» — наружные стены видны (этап 7), внутренние перегородки нет. Раздел смешанный, нужно решить"
125,,12.4.8.,0,Установка сантехнических перегородок,0,ИСКЛЮЧЕНО,переопределено: сантехнические перегородки — внутренняя работа,Образование|Здравоохранение|Спорт|Культура|Административные здания|ДОУ|Офисно-деловой центр,"«Стены и перегородки» — наружные стены видны (этап 7), внутренние перегородки нет. Раздел смешанный, нужно решить"
126,,12.4.8.,0,Устройство перегородок из гипсокартонных листов (ГКЛ),0,ИСКЛЮЧЕНО,переопределено: гипсокартон — внутренняя работа,Образование|Здравоохранение|Спорт|Культура|Административные здания|ДОУ|Офисно-деловой центр,"«Стены и перегородки» — наружные стены видны (этап 7), внутренние перегородки нет. Раздел смешанный, нужно решить"
127,,12.4.8.,0,Облицовка стен листами ГКЛ на клею в 2 слоя,0,ИСКЛЮЧЕНО,переопределено: гипсокартон — внутренняя работа,Образование|Здравоохранение|Спорт|Культура|Административные здания|ДОУ|Офисно-деловой центр,"«Стены и перегородки» — наружные стены видны (этап 7), внутренние перегородки нет. Раздел смешанный, нужно решить"
128,,12.4.8.,0,Установка люков сантехнических (ревизионных),0,ИСКЛЮЧЕНО,переопределено: сантехнические перегородки — внутренняя работа,Образование|Здравоохранение|Спорт|Культура|Административные здания|ДОУ|Офисно-деловой центр,"«Стены и перегородки» — наружные стены видны (этап 7), внутренние перегородки нет. Раздел смешанный, нужно решить"
129,12.4.9.,,3,Бетонирование плиты и стен,5,Монолит надземной части,правило 12.4.9.,Спорт|Дороги,
130,12.4.10.,,3,Бетонирование колонн и перекрытий,5,Монолит надземной части,правило 12.4.10.,Спорт|Дороги,
131,12.4.11.,,3,Фасад,7,Фасад и остекление,правило 12.4.11.,Жильё|Образование|Здравоохранение|Спорт|Культура|Административные здания|ДОУ|Офисно-деловой центр|Дороги,
132,,12.4.11.,0,Монтаж утеплителя,7,Фасад и остекление,наследует 12.4.11.,Жильё|Образование|Здравоохранение|Спорт|Культура|Административные здания|ДОУ|Офисно-деловой центр|Дороги,
133,,12.4.11.,0,Монтаж фасадной системы,7,Фасад и остекление,наследует 12.4.11.,Жильё|Образование|Здравоохранение|Спорт|Культура|Административные здания|ДОУ|Офисно-деловой центр|Дороги,
134,,12.4.11.,0,Монтаж навесных элементов фасада,7,Фасад и остекление,наследует 12.4.11.,Жильё|Образование|Здравоохранение|Спорт|Культура|Административные здания|ДОУ|Офисно-деловой центр|Дороги,
135,,12.4.11.,0,Заполнение оконных проемов,7,Фасад и остекление,наследует 12.4.11.,Жильё|Образование|Здравоохранение|Спорт|Культура|Административные здания|ДОУ|Офисно-деловой центр|Дороги,
136,12.4.12.,,3,Основание верхнего слоя дорожной одежды,0,ИСКЛЮЧЕНО,"специфика линейных объектов, вне скоупа прототипа",Дороги,
137,,12.4.12.,0,Устройство верхнего слоя основания дорожной одежды,0,ИСКЛЮЧЕНО,наследует 12.4.12.,Дороги,
138,,12.4.12.,0,Планировка верхнего слоя основания дорожной одежды,0,ИСКЛЮЧЕНО,наследует 12.4.12.,Дороги,
139,,12.4.12.,0,Уплотнение верхнего слоя основания дорожной одежды,0,ИСКЛЮЧЕНО,наследует 12.4.12.,Дороги,
140,,12.4.12.,0,Устройство бортового камня,0,ИСКЛЮЧЕНО,наследует 12.4.12.,Дороги,
141,12.4.13.,,3,Мостовое полотно,0,ИСКЛЮЧЕНО,"специфика линейных объектов, вне скоупа прототипа",Дороги,
142,,12.4.13.,0,Устройство плиты проезжей части,0,ИСКЛЮЧЕНО,наследует 12.4.13.,Дороги,
143,,12.4.13.,0,Устройство монолитного участка деформационного шва,0,ИСКЛЮЧЕНО,наследует 12.4.13.,Дороги,
144,,12.4.13.,0,Установка бокового барьерного ограждения с внешней стороны пролетного строения,0,ИСКЛЮЧЕНО,наследует 12.4.13.,Дороги,
145,,12.4.13.,0,Установка барьерного ограждения на разделительной полосе,0,ИСКЛЮЧЕНО,наследует 12.4.13.,Дороги,
146,,12.4.13.,0,Установка перильного ограждения,0,ИСКЛЮЧЕНО,наследует 12.4.13.,Дороги,
147,,12.4.13.,0,"Устройство конструкций пролетного строения (металл, балки)",0,ИСКЛЮЧЕНО,наследует 12.4.13.,Дороги,
148,12.4.14.,,3,Покрытие дорожной одежды,0,ИСКЛЮЧЕНО,"специфика линейных объектов, вне скоупа прототипа",Дороги,
149,,12.4.14.,0,Устройство нижнего слоя покрытия,0,ИСКЛЮЧЕНО,наследует 12.4.14.,Дороги,
150,,12.4.14.,0,Устройство верхнего слоя покрытия,0,ИСКЛЮЧЕНО,наследует 12.4.14.,Дороги,
151,,12.4.14.,0,Дорожные знаки,0,ИСКЛЮЧЕНО,наследует 12.4.14.,Дороги,
152,,12.4.14.,0,Пешеходное ограждение,0,ИСКЛЮЧЕНО,наследует 12.4.14.,Дороги,
153,,12.4.14.,0,Светофорные объекты,0,ИСКЛЮЧЕНО,наследует 12.4.14.,Дороги,
154,,12.4.14.,0,Шумо/грязезащитные экраны,0,ИСКЛЮЧЕНО,наследует 12.4.14.,Дороги,
155,,12.4.14.,0,Дорожное ограждение,0,ИСКЛЮЧЕНО,наследует 12.4.14.,Дороги,
156,12.4.15.,,3,ВСП (верхнее строение пути),0,ИСКЛЮЧЕНО,"специфика линейных объектов, вне скоупа прототипа",Дороги,
157,,12.4.15.,0,Жесткое основание,0,ИСКЛЮЧЕНО,наследует 12.4.15.,Дороги,
158,,12.4.15.,0,"Рельсо-шпальная решетка, стрелочные переводы",0,ИСКЛЮЧЕНО,наследует 12.4.15.,Дороги,
159,,12.4.15.,0,Путевой бетон,0,ИСКЛЮЧЕНО,наследует 12.4.15.,Дороги,
160,12.4.16.,,3,Средства организации дорожного движения,0,ИСКЛЮЧЕНО,"специфика линейных объектов, вне скоупа прототипа",Дороги,
161,12.4.17.,,3,Дорожная разметка,0,ИСКЛЮЧЕНО,"специфика линейных объектов, вне скоупа прототипа",Дороги,
162,12.4.18.,,3,Обустройство,0,ИСКЛЮЧЕНО,"специфика линейных объектов, вне скоупа прототипа",Дороги,
163,12.4.19.,,3,Установка дорожных знаков,0,ИСКЛЮЧЕНО,"специфика линейных объектов, вне скоупа прототипа",Дороги,
164,12.4.20.,,3,Установка пешеходного ограждения,0,ИСКЛЮЧЕНО,"специфика линейных объектов, вне скоупа прототипа",Дороги,
165,12.4.21.,,3,Установка светофорных объектов,0,ИСКЛЮЧЕНО,"специфика линейных объектов, вне скоупа прототипа",Дороги,
166,12.4.22.,,3,Установка шумо/грязезащитных экранов,0,ИСКЛЮЧЕНО,"специфика линейных объектов, вне скоупа прототипа",Дороги,
167,12.4.23.,,3,Подпорная / противопожарная стена,0,ИСКЛЮЧЕНО,"специфика линейных объектов, вне скоупа прототипа",Дороги,
168,12.4.24.,,3,Противопожарные мероприятия,0,ИСКЛЮЧЕНО,"специфика линейных объектов, вне скоупа прототипа",Дороги,
169,12.4.25.,,3,Трансбарьер,0,ИСКЛЮЧЕНО,"специфика линейных объектов, вне скоупа прототипа",Дороги,
170,12.4.26.,,3,"огнезащита, окраска",0,ИСКЛЮЧЕНО,"специфика линейных объектов, вне скоупа прототипа",Дороги,
171,12.4.27.,,3,Насыпь/Призма,0,ИСКЛЮЧЕНО,"специфика линейных объектов, вне скоупа прототипа",Дороги,
172,12.4.28.,,3,"Монолитные работы выше отметки""0""",5,Монолит надземной части,правило 12.4.28.,Жильё|Образование|Здравоохранение|Спорт|Культура|Административные здания|ДОУ|Офисно-деловой центр,
173,,12.4.28.,0,"Сталебетонные перекрытия выше отм. 0,000",5,Монолит надземной части,наследует 12.4.28.,Жильё|Образование|Здравоохранение|Спорт|Культура|Административные здания|ДОУ|Офисно-деловой центр,
174,,12.4.28.,0,Устройство монолитных ж/б лестниц,5,Монолит надземной части,наследует 12.4.28.,Жильё|Образование|Здравоохранение|Спорт|Культура|Административные здания|ДОУ|Офисно-деловой центр,
175,,12.4.28.,0,Трибуны актового зала,5,Монолит надземной части,наследует 12.4.28.,Жильё|Образование|Здравоохранение|Спорт|Культура|Административные здания|ДОУ|Офисно-деловой центр,
176,,12.4.28.,0,Устройство монолитных ж/б конструкций входных групп,5,Монолит надземной части,наследует 12.4.28.,Жильё|Образование|Здравоохранение|Спорт|Культура|Административные здания|ДОУ|Офисно-деловой центр,
177,,12.4.28.,0,Устройство горизонтальной рулонной гидроизоляции в 2 слоя под защитой,5,Монолит надземной части,наследует 12.4.28.,Жильё|Образование|Здравоохранение|Спорт|Культура|Административные здания|ДОУ|Офисно-деловой центр,
178,,12.4.28.,0,Устройство вертикальной рулонной гидроизоляции в 2 слоя по праймеру,5,Монолит надземной части,наследует 12.4.28.,Жильё|Образование|Здравоохранение|Спорт|Культура|Административные здания|ДОУ|Офисно-деловой центр,
179,,12.4.28.,0,Теплоизоляция стен экструдированным пенополистиролом толщ. 100 мм,5,Монолит надземной части,наследует 12.4.28.,Жильё|Образование|Здравоохранение|Спорт|Культура|Административные здания|ДОУ|Офисно-деловой центр,
180,,12.4.28.,0,"Устройство пристенного дренажа, в т.ч. прижимной стенки",5,Монолит надземной части,наследует 12.4.28.,Жильё|Образование|Здравоохранение|Спорт|Культура|Административные здания|ДОУ|Офисно-деловой центр,
181,12.4.29.,,3,Каркас здания,5,Монолит надземной части,правило 12.4.29.,Жильё|Образование|Здравоохранение|Спорт|Культура|Административные здания|ДОУ|Офисно-деловой центр,
182,,12.4.29.,0,Устройство ж/б конструкций,5,Монолит надземной части,наследует 12.4.29.,Жильё|Образование|Здравоохранение|Спорт|Культура|Административные здания|ДОУ|Офисно-деловой центр,
183,12.4.30.,,3,Металлоконструкции,5,Монолит надземной части,правило 12.4.30.,Жильё|Образование|Здравоохранение|Спорт|Культура|Административные здания|ДОУ|Офисно-деловой центр|Дороги,"«Металлоконструкции» — может быть каркас (этап 5), а может кровля или фасад"
184,,12.4.30.,0,"Металлоконструкции (фермы, балки, прогоны, надколонники, связи, козырьки, решетки приямков, лестницы)",5,Монолит надземной части,наследует 12.4.30.,Жильё|Образование|Здравоохранение|Спорт|Культура|Административные здания|ДОУ|Офисно-деловой центр|Дороги,"«Металлоконструкции» — может быть каркас (этап 5), а может кровля или фасад"
185,,12.4.30.,0,Покрытие из профилированного листа,6,Кровля,переопределено: покрытие кровли профлистом,Жильё|Образование|Здравоохранение|Спорт|Культура|Административные здания|ДОУ|Офисно-деловой центр|Дороги,"«Металлоконструкции» — может быть каркас (этап 5), а может кровля или фасад"
186,,12.4.30.,0,Огнезащита м/к,5,Монолит надземной части,наследует 12.4.30.,Жильё|Образование|Здравоохранение|Спорт|Культура|Административные здания|ДОУ|Офисно-деловой центр|Дороги,"«Металлоконструкции» — может быть каркас (этап 5), а может кровля или фасад"
187,,12.4.30.,0,Ограждения,5,Монолит надземной части,наследует 12.4.30.,Жильё|Образование|Здравоохранение|Спорт|Культура|Административные здания|ДОУ|Офисно-деловой центр|Дороги,"«Металлоконструкции» — может быть каркас (этап 5), а может кровля или фасад"
188,,12.4.30.,0,Решетки,5,Монолит надземной части,наследует 12.4.30.,Жильё|Образование|Здравоохранение|Спорт|Культура|Административные здания|ДОУ|Офисно-деловой центр|Дороги,"«Металлоконструкции» — может быть каркас (этап 5), а может кровля или фасад"
189,,12.4.30.,0,Пожарные лестницы,5,Монолит надземной части,наследует 12.4.30.,Жильё|Образование|Здравоохранение|Спорт|Культура|Административные здания|ДОУ|Офисно-деловой центр|Дороги,"«Металлоконструкции» — может быть каркас (этап 5), а может кровля или фасад"
190,12.4.31.,,3,Устройство пирога кровли,6,Кровля,правило 12.4.31.,Жильё|Образование|Здравоохранение|Спорт|Культура|Административные здания|ДОУ|Офисно-деловой центр,
191,,12.4.31.,0,Пароизоляция,6,Кровля,наследует 12.4.31.,Жильё|Образование|Здравоохранение|Спорт|Культура|Административные здания|ДОУ|Офисно-деловой центр,
192,,12.4.31.,0,Утепление,6,Кровля,наследует 12.4.31.,Жильё|Образование|Здравоохранение|Спорт|Культура|Административные здания|ДОУ|Офисно-деловой центр,
193,,12.4.31.,0,Разуклонка ЦПР,6,Кровля,наследует 12.4.31.,Жильё|Образование|Здравоохранение|Спорт|Культура|Административные здания|ДОУ|Офисно-деловой центр,
194,,12.4.31.,0,Гидроизоляция 3 слоя,6,Кровля,наследует 12.4.31.,Жильё|Образование|Здравоохранение|Спорт|Культура|Административные здания|ДОУ|Офисно-деловой центр,
195,,12.4.31.,0,Покрытие козырьков,6,Кровля,наследует 12.4.31.,Жильё|Образование|Здравоохранение|Спорт|Культура|Административные здания|ДОУ|Офисно-деловой центр,
196,,12.4.31.,0,"Водосток с основной кровли, с кровли крылец",6,Кровля,наследует 12.4.31.,Жильё|Образование|Здравоохранение|Спорт|Культура|Административные здания|ДОУ|Офисно-деловой центр,
197,,12.4.31.,0,Устройство кровли. Тип 1,6,Кровля,наследует 12.4.31.,Жильё|Образование|Здравоохранение|Спорт|Культура|Административные здания|ДОУ|Офисно-деловой центр,
198,,12.4.31.,0,Устройство кровли. Тип 2,6,Кровля,наследует 12.4.31.,Жильё|Образование|Здравоохранение|Спорт|Культура|Административные здания|ДОУ|Офисно-деловой центр,
199,,12.4.31.,0,Устройство кровли. Тип 3,6,Кровля,наследует 12.4.31.,Жильё|Образование|Здравоохранение|Спорт|Культура|Административные здания|ДОУ|Офисно-деловой центр,
200,,12.4.31.,0,Устройство кровли. Тип 4,6,Кровля,наследует 12.4.31.,Жильё|Образование|Здравоохранение|Спорт|Культура|Административные здания|ДОУ|Офисно-деловой центр,
201,,12.4.31.,0,Устройство кровли. Тип 5,6,Кровля,наследует 12.4.31.,Жильё|Образование|Здравоохранение|Спорт|Культура|Административные здания|ДОУ|Офисно-деловой центр,
202,,12.4.31.,0,Устройство кровли. Тип 6,6,Кровля,наследует 12.4.31.,Жильё|Образование|Здравоохранение|Спорт|Культура|Административные здания|ДОУ|Офисно-деловой центр,
203,,12.4.31.,0,Устройство кровли. Тип 7,6,Кровля,наследует 12.4.31.,Жильё|Образование|Здравоохранение|Спорт|Культура|Административные здания|ДОУ|Офисно-деловой центр,
204,,12.4.31.,0,Устройство кровли. Тип 8,6,Кровля,наследует 12.4.31.,Жильё|Образование|Здравоохранение|Спорт|Культура|Административные здания|ДОУ|Офисно-деловой центр,
205,,12.4.31.,0,Козырьки из светопрозрачных металлических конструкций,6,Кровля,наследует 12.4.31.,Жильё|Образование|Здравоохранение|Спорт|Культура|Административные здания|ДОУ|Офисно-деловой центр,
206,,12.4.31.,0,Дополнительные элементы и надстройки кровли,6,Кровля,наследует 12.4.31.,Жильё|Образование|Здравоохранение|Спорт|Культура|Административные здания|ДОУ|Офисно-деловой центр,
207,,12.4.31.,0,Парапеты вентшахты,6,Кровля,наследует 12.4.31.,Жильё|Образование|Здравоохранение|Спорт|Культура|Административные здания|ДОУ|Офисно-деловой центр,
208,,12.4.31.,0,Устройство кровли по железобетонному покрытию (Тип кровли 1),6,Кровля,наследует 12.4.31.,Жильё|Образование|Здравоохранение|Спорт|Культура|Административные здания|ДОУ|Офисно-деловой центр,
209,,12.4.31.,0,Устройство кровли по покрытию из стального профлиста (Тип кровли 2),6,Кровля,наследует 12.4.31.,Жильё|Образование|Здравоохранение|Спорт|Культура|Административные здания|ДОУ|Офисно-деловой центр,
210,,12.4.31.,0,Установка аэраторов,6,Кровля,наследует 12.4.31.,Жильё|Образование|Здравоохранение|Спорт|Культура|Административные здания|ДОУ|Офисно-деловой центр,
211,,12.4.31.,0,"Устройство парапетной крышки, крышки фахверка, отделка фахверков парапета",6,Кровля,наследует 12.4.31.,Жильё|Образование|Здравоохранение|Спорт|Культура|Административные здания|ДОУ|Офисно-деловой центр,
212,,12.4.31.,0,Устройство эксплуатируемой дорожки,6,Кровля,наследует 12.4.31.,Жильё|Образование|Здравоохранение|Спорт|Культура|Административные здания|ДОУ|Офисно-деловой центр,
213,,12.4.31.,0,"Устройство примыканий в парапету, воронкам",6,Кровля,наследует 12.4.31.,Жильё|Образование|Здравоохранение|Спорт|Культура|Административные здания|ДОУ|Офисно-деловой центр,
214,,12.4.31.,0,Устройство проходок через кровлю,6,Кровля,наследует 12.4.31.,Жильё|Образование|Здравоохранение|Спорт|Культура|Административные здания|ДОУ|Офисно-деловой центр,
215,,12.4.31.,0,Устройство шумозащитного экрана,6,Кровля,наследует 12.4.31.,Жильё|Образование|Здравоохранение|Спорт|Культура|Административные здания|ДОУ|Офисно-деловой центр,
216,12.4.32.,,3,Устройство конструкций кровли,6,Кровля,правило 12.4.32.,Жильё|Образование|Здравоохранение|Спорт|Культура|Административные здания|ДОУ|Офисно-деловой центр,
217,12.4.33.,,3,Установка ворот,0,ИСКЛЮЧЕНО,"внутренние работы, организаторы разрешили игнорировать",Жильё|Образование|Здравоохранение|Спорт|Культура|Административные здания|ДОУ|Офисно-деловой центр,
218,12.4.34.,,3,Установка дверей деревянных,0,ИСКЛЮЧЕНО,"внутренние работы, организаторы разрешили игнорировать",Жильё|Образование|Здравоохранение|Спорт|Культура|Административные здания|ДОУ|Офисно-деловой центр,
219,12.4.35.,,3,Установка внутренних металлических дверей,0,ИСКЛЮЧЕНО,"внутренние работы, организаторы разрешили игнорировать",Жильё|Образование|Здравоохранение|Спорт|Культура|Административные здания|ДОУ|Офисно-деловой центр,
220,12.4.36.,,3,Установка наружных дверей,7,Фасад и остекление,правило 12.4.36.,Жильё|Образование|Здравоохранение|Спорт|Культура|Административные здания|ДОУ|Офисно-деловой центр,
221,12.4.37.,,3,"Монтаж алюминиевых витражей (шторы противопожарные, алюминиевые витражи)",7,Фасад и остекление,правило 12.4.37.,Жильё|Образование|Здравоохранение|Спорт|Культура|Административные здания|ДОУ|Офисно-деловой центр,
222,12.4.38.,,3,Установка оконных блоков ПВХ,7,Фасад и остекление,правило 12.4.38.,Жильё|Образование|Здравоохранение|Спорт|Культура|Административные здания|ДОУ|Офисно-деловой центр|Дороги,
223,12.4.39.,,3,Установка алюминиевых подоконников,0,ИСКЛЮЧЕНО,"внутренние работы, организаторы разрешили игнорировать",Жильё|Образование|Здравоохранение|Спорт|Культура|Административные здания|ДОУ|Офисно-деловой центр,
224,12.4.40.,,3,Установка подоконников ГКЛВ с отделкой,0,ИСКЛЮЧЕНО,"внутренние работы, организаторы разрешили игнорировать",Жильё|Образование|Здравоохранение|Спорт|Культура|Административные здания|ДОУ|Офисно-деловой центр,
225,12.4.41.,,3,"Устройство теплоизоляции стен, в т.ч. укрытие плит утеплителя ветровлагозащитной пленкой (при необходимости)",7,Фасад и остекление,правило 12.4.41.,Жильё|Образование|Здравоохранение|Спорт|Культура|Административные здания|ДОУ|Офисно-деловой центр,
226,12.4.42.,,3,Устройство вентилируемого навесного фасада из керамогранита,7,Фасад и остекление,правило 12.4.42.,Жильё|Образование|Здравоохранение|Спорт|Культура|Административные здания|ДОУ|Офисно-деловой центр,
227,12.4.43.,,3,Облицовка цоколя крупноформатными панелями из керамогранита на растворе,7,Фасад и остекление,правило 12.4.43.,Жильё|Образование|Здравоохранение|Спорт|Культура|Административные здания|ДОУ|Офисно-деловой центр,
228,12.4.44.,,3,Облицовка крылец и наружных лестниц нескользящей бетонной плитки с гранитной крошкой на клее,7,Фасад и остекление,правило 12.4.44.,Жильё|Образование|Здравоохранение|Спорт|Культура|Административные здания|ДОУ|Офисно-деловой центр,
229,12.4.45.,,3,Устройство откосов и сливов из оцинкованной стали с полимерным покрытием,7,Фасад и остекление,правило 12.4.45.,Жильё|Образование|Здравоохранение|Спорт|Культура|Административные здания|ДОУ|Офисно-деловой центр,
230,12.4.46.,,3,Навесной вентилируемый фасад из стеклофибробетона со вставками из стемалита,7,Фасад и остекление,правило 12.4.46.,Жильё|Образование|Здравоохранение|Спорт|Культура|Административные здания|ДОУ|Офисно-деловой центр,
231,12.4.47.,,3,Облицовка цоколя гранитной плиткой на подсистеме вентилируемого фасада,7,Фасад и остекление,правило 12.4.47.,Жильё|Образование|Здравоохранение|Спорт|Культура|Административные здания|ДОУ|Офисно-деловой центр,
232,12.4.48.,,3,Облицовка крылец и наружных лестниц гранитной плиткой на растворе,7,Фасад и остекление,правило 12.4.48.,Жильё|Образование|Здравоохранение|Спорт|Культура|Административные здания|ДОУ|Офисно-деловой центр,
233,12.4.49.,,3,Металлические декоративные ламели,7,Фасад и остекление,правило 12.4.49.,Жильё|Образование|Здравоохранение|Спорт|Культура|Административные здания|ДОУ|Офисно-деловой центр,
234,12.4.50.,,3,Облицовка керамогранитной плиткой внутренней поверхности приямков,0,ИСКЛЮЧЕНО,"внутренние работы, организаторы разрешили игнорировать",Жильё|Образование|Здравоохранение|Спорт|Культура|Административные здания|ДОУ|Офисно-деловой центр,
235,12.4.51.,,3,Подшивка нависающих частей здания алюминиевой рейкой,7,Фасад и остекление,правило 12.4.51.,Жильё|Образование|Здравоохранение|Спорт|Культура|Административные здания|ДОУ|Офисно-деловой центр,
236,12.4.52.,,3,"Элементы фасада (логотипы, вывески, указатели, светильники, флагодержатели и пр.)",7,Фасад и остекление,правило 12.4.52.,Жильё|Образование|Здравоохранение|Спорт|Культура|Административные здания|ДОУ|Офисно-деловой центр,
237,12.4.53.,,3,Ограждения из нержавеющей стали,7,Фасад и остекление,правило 12.4.53.,Жильё|Образование|Здравоохранение|Спорт|Культура|Административные здания|ДОУ|Офисно-деловой центр,
238,12.4.54.,,3,Теплоизоляция фасада,7,Фасад и остекление,правило 12.4.54.,Жильё|Образование|Здравоохранение|Спорт|Культура|Административные здания|ДОУ|Офисно-деловой центр,
239,12.4.55.,,3,Устройство гидроизоляции цоколя,7,Фасад и остекление,правило 12.4.55.,Жильё|Образование|Здравоохранение|Спорт|Культура|Административные здания|ДОУ|Офисно-деловой центр,
240,12.4.56.,,3,Установка перфорированной фасадной кассеты,7,Фасад и остекление,правило 12.4.56.,Жильё|Образование|Здравоохранение|Спорт|Культура|Административные здания|ДОУ|Офисно-деловой центр,
241,12.4.57.,,3,Монтаж козырьков,7,Фасад и остекление,правило 12.4.57.,Жильё|Образование|Здравоохранение|Спорт|Культура|Административные здания|ДОУ|Офисно-деловой центр,
242,12.5.,,2,Устройство инженерных систем,0,ИСКЛЮЧЕНО,"внутренние работы, организаторы разрешили игнорировать",Жильё|Образование|Здравоохранение|Спорт|Культура|Административные здания|ДОУ|Офисно-деловой центр|Дороги,
243,12.5.1.,,3,Устройство наружных сетей,0,ИСКЛЮЧЕНО,"внутренние работы, организаторы разрешили игнорировать",Жильё|Образование|Здравоохранение|Спорт|Культура|Административные здания|ДОУ|Офисно-деловой центр|Дороги,
244,,12.5.1.,0,Теплосеть,0,ИСКЛЮЧЕНО,наследует 12.5.1.,Жильё|Образование|Здравоохранение|Спорт|Культура|Административные здания|ДОУ|Офисно-деловой центр|Дороги,
245,,12.5.1.,0,Водоснабжение,0,ИСКЛЮЧЕНО,наследует 12.5.1.,Жильё|Образование|Здравоохранение|Спорт|Культура|Административные здания|ДОУ|Офисно-деловой центр|Дороги,
246,,12.5.1.,0,Х/Б канализация,0,ИСКЛЮЧЕНО,наследует 12.5.1.,Жильё|Образование|Здравоохранение|Спорт|Культура|Административные здания|ДОУ|Офисно-деловой центр|Дороги,
247,,12.5.1.,0,Ливневая канализация,0,ИСКЛЮЧЕНО,наследует 12.5.1.,Жильё|Образование|Здравоохранение|Спорт|Культура|Административные здания|ДОУ|Офисно-деловой центр|Дороги,
248,,12.5.1.,0,Электроснабжение,0,ИСКЛЮЧЕНО,наследует 12.5.1.,Жильё|Образование|Здравоохранение|Спорт|Культура|Административные здания|ДОУ|Офисно-деловой центр|Дороги,
249,,12.5.1.,0,Слаботочные сети,0,ИСКЛЮЧЕНО,наследует 12.5.1.,Жильё|Образование|Здравоохранение|Спорт|Культура|Административные здания|ДОУ|Офисно-деловой центр|Дороги,
250,,12.5.1.,0,Устройство трубной канализации,0,ИСКЛЮЧЕНО,наследует 12.5.1.,Дороги,
251,,12.5.1.,0,Прокладка кабеля,0,ИСКЛЮЧЕНО,наследует 12.5.1.,Дороги,
252,,12.5.1.,0,"Дизель-генераторная установка, в т.ч. фундамент под оборудование",0,ИСКЛЮЧЕНО,наследует 12.5.1.,Жильё|Образование|Здравоохранение|Спорт|Культура|Административные здания|ДОУ|Офисно-деловой центр|Дороги,
253,,12.5.1.,0,Наружные сети связи,0,ИСКЛЮЧЕНО,наследует 12.5.1.,Жильё|Образование|Здравоохранение|Спорт|Культура|Административные здания|ДОУ|Офисно-деловой центр|Дороги,
254,12.5.2.,,3,Устройство внутренних сетей,0,ИСКЛЮЧЕНО,"внутренние работы, организаторы разрешили игнорировать",Жильё|Образование|Здравоохранение|Спорт|Культура|Административные здания|ДОУ|Офисно-деловой центр|Дороги,
255,,12.5.2.,0,Вентиляция и кондиционирование,0,ИСКЛЮЧЕНО,наследует 12.5.2.,Жильё|Образование|Здравоохранение|Спорт|Культура|Административные здания|ДОУ|Офисно-деловой центр|Дороги,
256,,12.5.2.,0,Электрика,0,ИСКЛЮЧЕНО,наследует 12.5.2.,Жильё|Образование|Здравоохранение|Спорт|Культура|Административные здания|ДОУ|Офисно-деловой центр|Дороги,
257,,12.5.2.,0,Сантехника,0,ИСКЛЮЧЕНО,наследует 12.5.2.,Жильё|Образование|Здравоохранение|Спорт|Культура|Административные здания|ДОУ|Офисно-деловой центр|Дороги,
258,,12.5.2.,0,Сети связи,0,ИСКЛЮЧЕНО,наследует 12.5.2.,Жильё|Образование|Здравоохранение|Спорт|Культура|Административные здания|ДОУ|Офисно-деловой центр|Дороги,
259,,12.5.2.,0,Сети водоснабжения,0,ИСКЛЮЧЕНО,наследует 12.5.2.,Жильё|Образование|Здравоохранение|Спорт|Культура|Административные здания|ДОУ|Офисно-деловой центр|Дороги,
260,,12.5.2.,0,Сети канализации,0,ИСКЛЮЧЕНО,наследует 12.5.2.,Жильё|Образование|Здравоохранение|Спорт|Культура|Административные здания|ДОУ|Офисно-деловой центр|Дороги,
261,,12.5.2.,0,Система отопления,0,ИСКЛЮЧЕНО,наследует 12.5.2.,Жильё|Образование|Здравоохранение|Спорт|Культура|Административные здания|ДОУ|Офисно-деловой центр|Дороги,
262,,12.5.2.,0,Ливневая канализация,0,ИСКЛЮЧЕНО,наследует 12.5.2.,Жильё|Образование|Здравоохранение|Спорт|Культура|Административные здания|ДОУ|Офисно-деловой центр|Дороги,
263,,12.5.2.,0,Разработка грунта с креплением,3,"Земляные работы, котлован",переопределено: земляные работы,Дороги,
264,,12.5.2.,0,Устройство колодцев,0,ИСКЛЮЧЕНО,наследует 12.5.2.,Дороги,
265,,12.5.2.,0,Прокладка труб,0,ИСКЛЮЧЕНО,наследует 12.5.2.,Дороги,
266,,12.5.2.,0,Индивидуальный тепловой пункт (ИТП),0,ИСКЛЮЧЕНО,наследует 12.5.2.,Жильё|Образование|Здравоохранение|Спорт|Культура|Административные здания|ДОУ|Офисно-деловой центр,
267,,12.5.2.,0,Охранно-защитная дератизационная система (ОЗДС),0,ИСКЛЮЧЕНО,наследует 12.5.2.,Жильё|Образование|Здравоохранение|Спорт|Культура|Административные здания|ДОУ|Офисно-деловой центр,
268,,12.5.2.,0,Система автоматизации теплового пункта (АТМ ИТП),0,ИСКЛЮЧЕНО,наследует 12.5.2.,Жильё|Образование|Здравоохранение|Спорт|Культура|Административные здания|ДОУ|Офисно-деловой центр,
269,,12.5.2.,0,Силовое электрооборудование и электроосвещение теплового пункта (ЭОМ ИТП),0,ИСКЛЮЧЕНО,наследует 12.5.2.,Жильё|Образование|Здравоохранение|Спорт|Культура|Административные здания|ДОУ|Офисно-деловой центр,
270,,12.5.2.,0,Система радиофикации (РФ),0,ИСКЛЮЧЕНО,наследует 12.5.2.,Жильё|Образование|Здравоохранение|Спорт|Культура|Административные здания|ДОУ|Офисно-деловой центр,
271,,12.5.2.,0,Система электрочасофикации (ЭЧ),0,ИСКЛЮЧЕНО,наследует 12.5.2.,Жильё|Образование|Здравоохранение|Спорт|Культура|Административные здания|ДОУ|Офисно-деловой центр,
272,,12.5.2.,0,Обеспечение доступа инвалидам (ОДИ),0,ИСКЛЮЧЕНО,наследует 12.5.2.,Жильё|Образование|Здравоохранение|Спорт|Культура|Административные здания|ДОУ|Офисно-деловой центр,
273,,12.5.2.,0,Система вызова для МГН (СВМГН),0,ИСКЛЮЧЕНО,наследует 12.5.2.,Жильё|Образование|Здравоохранение|Спорт|Культура|Административные здания|ДОУ|Офисно-деловой центр,
274,,12.5.2.,0,"Система телефонизации, телевидения, доступа к сети передачи данных, домофонии, внутренних сетей (СС)",0,ИСКЛЮЧЕНО,наследует 12.5.2.,Жильё|Образование|Здравоохранение|Спорт|Культура|Административные здания|ДОУ|Офисно-деловой центр,
275,,12.5.2.,0,Система охранной сигнализации (ОС),0,ИСКЛЮЧЕНО,наследует 12.5.2.,Жильё|Образование|Здравоохранение|Спорт|Культура|Административные здания|ДОУ|Офисно-деловой центр,
276,,12.5.2.,0,Система охранного телевидения (СОТ),0,ИСКЛЮЧЕНО,наследует 12.5.2.,Жильё|Образование|Здравоохранение|Спорт|Культура|Административные здания|ДОУ|Офисно-деловой центр,
277,,12.5.2.,0,Система контроля управления доступом (СКУД),0,ИСКЛЮЧЕНО,наследует 12.5.2.,Жильё|Образование|Здравоохранение|Спорт|Культура|Административные здания|ДОУ|Офисно-деловой центр,
278,,12.5.2.,0,Система автоматической установки пожарная сигнализация (АПС),0,ИСКЛЮЧЕНО,наследует 12.5.2.,Жильё|Образование|Здравоохранение|Спорт|Культура|Административные здания|ДОУ|Офисно-деловой центр,
279,,12.5.2.,0,Система оповещения и управления эвакуацией (СОУЭ),0,ИСКЛЮЧЕНО,наследует 12.5.2.,Жильё|Образование|Здравоохранение|Спорт|Культура|Административные здания|ДОУ|Офисно-деловой центр,
280,,12.5.2.,0,Система автоматики противопожарной защиты (АППЗ),0,ИСКЛЮЧЕНО,наследует 12.5.2.,Жильё|Образование|Здравоохранение|Спорт|Культура|Административные здания|ДОУ|Офисно-деловой центр,
281,,12.5.2.,0,Автоматизация инженерных систем,0,ИСКЛЮЧЕНО,наследует 12.5.2.,Жильё|Образование|Здравоохранение|Спорт|Культура|Административные здания|ДОУ|Офисно-деловой центр,
282,,12.5.2.,0,Монтаж автоматической установки газового пожаротушения (АУГП),0,ИСКЛЮЧЕНО,наследует 12.5.2.,Жильё|Образование|Здравоохранение|Спорт|Культура|Административные здания|ДОУ|Офисно-деловой центр,
283,,12.5.2.,0,Автоматическая установка водяного пожаротушения,0,ИСКЛЮЧЕНО,наследует 12.5.2.,Жильё|Образование|Здравоохранение|Спорт|Культура|Административные здания|ДОУ|Офисно-деловой центр,
284,12.6.,,2,Отделочные работы,0,ИСКЛЮЧЕНО,"внутренние работы, организаторы разрешили игнорировать",Жильё|Образование|Здравоохранение|Спорт|Культура|Административные здания|ДОУ|Офисно-деловой центр|Дороги,
285,12.6.1.,,3,Внешняя отделка,0,ИСКЛЮЧЕНО,"внутренние работы, организаторы разрешили игнорировать",Жильё|Образование|Здравоохранение|Спорт|Культура|Административные здания|ДОУ|Офисно-деловой центр|Дороги,
286,,12.6.1.,0,Черновая отделка,0,ИСКЛЮЧЕНО,наследует 12.6.1.,Жильё|Образование|Здравоохранение|Спорт|Культура|Административные здания|ДОУ|Офисно-деловой центр|Дороги,
287,,12.6.1.,0,Чистовая отделка,0,ИСКЛЮЧЕНО,наследует 12.6.1.,Жильё|Образование|Здравоохранение|Спорт|Культура|Административные здания|ДОУ|Офисно-деловой центр|Дороги,
288,12.6.2.,,3,Внутренняя отделка,0,ИСКЛЮЧЕНО,"внутренние работы, организаторы разрешили игнорировать",Жильё|Образование|Здравоохранение|Спорт|Культура|Административные здания|ДОУ|Офисно-деловой центр|Дороги,
289,,12.6.2.,0,Черновая отделка,0,ИСКЛЮЧЕНО,наследует 12.6.2.,Жильё|Образование|Здравоохранение|Спорт|Культура|Административные здания|ДОУ|Офисно-деловой центр|Дороги,
290,,12.6.2.,0,Чистовая отделка,0,ИСКЛЮЧЕНО,наследует 12.6.2.,Жильё|Образование|Здравоохранение|Спорт|Культура|Административные здания|ДОУ|Офисно-деловой центр|Дороги,
291,12.6.3.,,3,Внутренняя отделка полов,0,ИСКЛЮЧЕНО,"внутренние работы, организаторы разрешили игнорировать",Жильё|Образование|Здравоохранение|Спорт|Культура|Административные здания|ДОУ|Офисно-деловой центр,
292,,12.6.3.,0,Черновая отделка полов,0,ИСКЛЮЧЕНО,наследует 12.6.3.,Жильё|Образование|Здравоохранение|Спорт|Культура|Административные здания|ДОУ|Офисно-деловой центр,
293,,12.6.3.,0,Чистовая отделка полов,0,ИСКЛЮЧЕНО,наследует 12.6.3.,Жильё|Образование|Здравоохранение|Спорт|Культура|Административные здания|ДОУ|Офисно-деловой центр,
294,12.6.4.,,3,Внутренняя отделка стен,0,ИСКЛЮЧЕНО,"внутренние работы, организаторы разрешили игнорировать",Жильё|Образование|Здравоохранение|Спорт|Культура|Административные здания|ДОУ|Офисно-деловой центр,
295,,12.6.4.,0,Черновая отделка стен,0,ИСКЛЮЧЕНО,наследует 12.6.4.,Жильё|Образование|Здравоохранение|Спорт|Культура|Административные здания|ДОУ|Офисно-деловой центр,
296,,12.6.4.,0,Чистовая отделка стен,0,ИСКЛЮЧЕНО,наследует 12.6.4.,Жильё|Образование|Здравоохранение|Спорт|Культура|Административные здания|ДОУ|Офисно-деловой центр,
297,12.6.5.,,3,Внутренняя отделка потолков,0,ИСКЛЮЧЕНО,"внутренние работы, организаторы разрешили игнорировать",Жильё|Образование|Здравоохранение|Спорт|Культура|Административные здания|ДОУ|Офисно-деловой центр,
298,,12.6.5.,0,Черновая отделка потолков,0,ИСКЛЮЧЕНО,наследует 12.6.5.,Жильё|Образование|Здравоохранение|Спорт|Культура|Административные здания|ДОУ|Офисно-деловой центр,
299,,12.6.5.,0,Чистовая отделка потолков,0,ИСКЛЮЧЕНО,наследует 12.6.5.,Жильё|Образование|Здравоохранение|Спорт|Культура|Административные здания|ДОУ|Офисно-деловой центр,
300,12.6.6.,,3,Внутренняя отделка дверей,0,ИСКЛЮЧЕНО,"внутренние работы, организаторы разрешили игнорировать",Жильё|Образование|Здравоохранение|Спорт|Культура|Административные здания|ДОУ|Офисно-деловой центр,
301,,12.6.6.,0,Монтаж внутренних дверей,0,ИСКЛЮЧЕНО,наследует 12.6.6.,Жильё|Образование|Здравоохранение|Спорт|Культура|Административные здания|ДОУ|Офисно-деловой центр,
302,,12.6.6.,0,Монтаж наружных дверей и ворот,0,ИСКЛЮЧЕНО,наследует 12.6.6.,Жильё|Образование|Здравоохранение|Спорт|Культура|Административные здания|ДОУ|Офисно-деловой центр,
303,,12.6.6.,0,Двери автоматические раздвижные светопрозрачные,0,ИСКЛЮЧЕНО,наследует 12.6.6.,Жильё|Образование|Здравоохранение|Спорт|Культура|Административные здания|ДОУ|Офисно-деловой центр,
304,,12.6.6.,0,Двери алюминиевые наружные,0,ИСКЛЮЧЕНО,наследует 12.6.6.,Жильё|Образование|Здравоохранение|Спорт|Культура|Административные здания|ДОУ|Офисно-деловой центр,
305,,12.6.6.,0,Двери алюминиевые внутренние,0,ИСКЛЮЧЕНО,наследует 12.6.6.,Жильё|Образование|Здравоохранение|Спорт|Культура|Административные здания|ДОУ|Офисно-деловой центр,
306,,12.6.6.,0,Двери металлические наружные,0,ИСКЛЮЧЕНО,наследует 12.6.6.,Жильё|Образование|Здравоохранение|Спорт|Культура|Административные здания|ДОУ|Офисно-деловой центр,
307,,12.6.6.,0,Двери металлические взломостойкие с решеткой,0,ИСКЛЮЧЕНО,наследует 12.6.6.,Жильё|Образование|Здравоохранение|Спорт|Культура|Административные здания|ДОУ|Офисно-деловой центр,
308,,12.6.6.,0,Двери металлические рентгенозащитные,0,ИСКЛЮЧЕНО,наследует 12.6.6.,Жильё|Образование|Здравоохранение|Спорт|Культура|Административные здания|ДОУ|Офисно-деловой центр,
309,,12.6.6.,0,Двери глухие ПВХ,0,ИСКЛЮЧЕНО,наследует 12.6.6.,Жильё|Образование|Здравоохранение|Спорт|Культура|Административные здания|ДОУ|Офисно-деловой центр,
310,,12.6.6.,0,Двери комбинированные,0,ИСКЛЮЧЕНО,наследует 12.6.6.,Жильё|Образование|Здравоохранение|Спорт|Культура|Административные здания|ДОУ|Офисно-деловой центр,
311,,12.6.6.,0,Перегородки душевых кабинок из матового стекла,0,ИСКЛЮЧЕНО,наследует 12.6.6.,Жильё|Образование|Здравоохранение|Спорт|Культура|Административные здания|ДОУ|Офисно-деловой центр,
312,,12.6.6.,0,Сантехнические перегородки из HPL пластика,0,ИСКЛЮЧЕНО,наследует 12.6.6.,Жильё|Образование|Здравоохранение|Спорт|Культура|Административные здания|ДОУ|Офисно-деловой центр,
313,,12.6.6.,0,Трансформируемые перегородки,0,ИСКЛЮЧЕНО,наследует 12.6.6.,Жильё|Образование|Здравоохранение|Спорт|Культура|Административные здания|ДОУ|Офисно-деловой центр,
314,,12.6.6.,0,Люки,0,ИСКЛЮЧЕНО,наследует 12.6.6.,Жильё|Образование|Здравоохранение|Спорт|Культура|Административные здания|ДОУ|Офисно-деловой центр,
315,,12.6.6.,0,Люки герметические (кровля),0,ИСКЛЮЧЕНО,наследует 12.6.6.,Жильё|Образование|Здравоохранение|Спорт|Культура|Административные здания|ДОУ|Офисно-деловой центр,
316,12.6.7.,,3,Внутренняя отделка (технические помещения),0,ИСКЛЮЧЕНО,"внутренние работы, организаторы разрешили игнорировать",Жильё|Образование|Здравоохранение|Спорт|Культура|Административные здания|ДОУ|Офисно-деловой центр|Дороги,
317,,12.6.7.,0,Черновая отделка,0,ИСКЛЮЧЕНО,наследует 12.6.7.,Жильё|Образование|Здравоохранение|Спорт|Культура|Административные здания|ДОУ|Офисно-деловой центр|Дороги,
318,,12.6.7.,0,Чистовая отделка,0,ИСКЛЮЧЕНО,наследует 12.6.7.,Жильё|Образование|Здравоохранение|Спорт|Культура|Административные здания|ДОУ|Офисно-деловой центр|Дороги,
319,12.6.8.,,3,Внутренняя отделка (пассажирские зоны),0,ИСКЛЮЧЕНО,"внутренние работы, организаторы разрешили игнорировать",Жильё|Образование|Здравоохранение|Спорт|Культура|Административные здания|ДОУ|Офисно-деловой центр|Дороги,
320,,12.6.8.,0,Черновая отделка,0,ИСКЛЮЧЕНО,наследует 12.6.8.,Жильё|Образование|Здравоохранение|Спорт|Культура|Административные здания|ДОУ|Офисно-деловой центр|Дороги,
321,,12.6.8.,0,Чистовая отделка,0,ИСКЛЮЧЕНО,наследует 12.6.8.,Жильё|Образование|Здравоохранение|Спорт|Культура|Административные здания|ДОУ|Офисно-деловой центр|Дороги,
322,12.6.9.,,3,Монтаж вертикального транспорта,0,ИСКЛЮЧЕНО,"внутренние работы, организаторы разрешили игнорировать",Жильё|Образование|Здравоохранение|Спорт|Культура|Административные здания|ДОУ|Офисно-деловой центр|Дороги,
323,12.6.10.,,3,Монтаж оборудования по ТХЗ,0,ИСКЛЮЧЕНО,"внутренние работы, организаторы разрешили игнорировать",Жильё|Образование|Здравоохранение|Спорт|Культура|Административные здания|ДОУ|Офисно-деловой центр|Дороги,
324,12.6.11.,,3,Монтаж мебели,0,ИСКЛЮЧЕНО,"внутренние работы, организаторы разрешили игнорировать",Здравоохранение|Дороги,
325,,12.6.11.,0,Медицинская мебель (с учетом установки и распаковки) (не облагаемая НДС),0,ИСКЛЮЧЕНО,наследует 12.6.11.,Здравоохранение,
326,,12.6.11.,0,Медицинская мебель (с учетом установки и распаковки),0,ИСКЛЮЧЕНО,наследует 12.6.11.,Здравоохранение,
327,,12.6.11.,0,Мебель общего назначения (с учетом установки и распаковки),0,ИСКЛЮЧЕНО,наследует 12.6.11.,Здравоохранение,
328,12.6.12.,,3,Монтаж эскалаторов,0,ИСКЛЮЧЕНО,"внутренние работы, организаторы разрешили игнорировать",Образование|Здравоохранение|Культура|Административные здания|ДОУ|Офисно-деловой центр|Дороги,
329,12.6.13.,,3,Монтаж оборудования,0,ИСКЛЮЧЕНО,"внутренние работы, организаторы разрешили игнорировать",Здравоохранение,
330,12.6.13.1.,,4,Монтируемое оборудование,0,ИСКЛЮЧЕНО,"внутренние работы, организаторы разрешили игнорировать",Здравоохранение,
331,,12.6.13.1.,0,"Медицинское оборудование, с учетом монтажа",0,ИСКЛЮЧЕНО,наследует 12.6.13.1.,Здравоохранение,
332,,12.6.13.1.,0,"Медицинское оборудование, с учетом монтажа (не облагаемое НДС)",0,ИСКЛЮЧЕНО,наследует 12.6.13.1.,Здравоохранение,
333,,12.6.13.1.,0,"Офисное оборудование, с учетом монтажа",0,ИСКЛЮЧЕНО,наследует 12.6.13.1.,Здравоохранение,
334,,12.6.13.1.,0,"Оборудование и мебель конференц-зала, с учетом монтажа",0,ИСКЛЮЧЕНО,наследует 12.6.13.1.,Здравоохранение,
335,,12.6.13.1.,0,"Электро- и бытовая техника, с учетом монтажа",0,ИСКЛЮЧЕНО,наследует 12.6.13.1.,Здравоохранение,
336,,12.6.13.1.,0,"Хозяйственный инвентарь, с учетом монтажа",0,ИСКЛЮЧЕНО,наследует 12.6.13.1.,Здравоохранение,
337,,12.6.13.1.,0,"Периметр безопасности, с учетом монтажа",0,ИСКЛЮЧЕНО,наследует 12.6.13.1.,Здравоохранение,
338,,12.6.13.1.,0,"Спортивно-технологическое оборудование и спортивный инвентарь, с учетом монтажа",0,ИСКЛЮЧЕНО,наследует 12.6.13.1.,Здравоохранение,
339,,12.6.13.1.,0,"Учебное оборудование, с учетом монтажа",0,ИСКЛЮЧЕНО,наследует 12.6.13.1.,Здравоохранение,
340,,12.6.13.1.,0,"Учебное оборудование, с учетом монтажа (не облагаемое НДС)",0,ИСКЛЮЧЕНО,наследует 12.6.13.1.,Здравоохранение,
341,,12.6.13.1.,0,"Компьютеры и программное обеспечение, с учетом монтажа",0,ИСКЛЮЧЕНО,наследует 12.6.13.1.,Здравоохранение,
342,,12.6.13.1.,0,"Занавески, жалюзи и прочие предметы обстановки, с учетом монтажа",0,ИСКЛЮЧЕНО,наследует 12.6.13.1.,Здравоохранение,
343,,12.6.13.1.,0,"Кухонное оборудование и инвентарь, с учетом монтажа",0,ИСКЛЮЧЕНО,наследует 12.6.13.1.,Здравоохранение,
344,,12.6.13.1.,0,"Музыкальные инструменты и оборудование для залов, с учетом монтажа",0,ИСКЛЮЧЕНО,наследует 12.6.13.1.,Здравоохранение,
345,,12.6.13.1.,0,"Театральное оборудование, оборудование сцены (с учетом монтажа)",0,ИСКЛЮЧЕНО,наследует 12.6.13.1.,Здравоохранение,
346,,12.6.13.1.,0,"Светотехническое оборудование, с учетом монтажа",0,ИСКЛЮЧЕНО,наследует 12.6.13.1.,Здравоохранение,
347,,12.6.13.1.,0,"Торгово-технологическое оборудование, с учетом монтажа",0,ИСКЛЮЧЕНО,наследует 12.6.13.1.,Здравоохранение,
348,12.6.13.2.,,4,Немонтируемое оборудование,0,ИСКЛЮЧЕНО,"внутренние работы, организаторы разрешили игнорировать",Здравоохранение,
349,,12.6.13.2.,0,"Инструмент медицинский, расходные материалы (не облагаемое НДС)",0,ИСКЛЮЧЕНО,наследует 12.6.13.2.,Здравоохранение,
350,,12.6.13.2.,0,"Инструмент медицинский, расходные материалы",0,ИСКЛЮЧЕНО,наследует 12.6.13.2.,Здравоохранение,
351,,12.6.13.2.,0,Хозяйственный инвентарь,0,ИСКЛЮЧЕНО,наследует 12.6.13.2.,Здравоохранение,
352,12.7.,,2,Благоустройство территории,8,Благоустройство,правило 12.7.,Жильё|Образование|Здравоохранение|Спорт|Культура|Административные здания|ДОУ|Офисно-деловой центр|Дороги,
353,12.7.1.,,3,Устройство проездов и тротуаров,8,Благоустройство,правило 12.7.,Жильё|Образование|Здравоохранение|Спорт|Культура|Административные здания|ДОУ|Офисно-деловой центр|Дороги,
354,,12.7.1.,0,"Устройство асфальтобетонного покрытия проездов, тротуаров, площадок с установкой бортового камня",8,Благоустройство,наследует 12.7.1.,Жильё|Образование|Здравоохранение|Спорт|Культура|Административные здания|ДОУ|Офисно-деловой центр,
355,,12.7.1.,0,Устройство покрытий из тротуарной плитки с установкой бортового камня,8,Благоустройство,наследует 12.7.1.,Жильё|Образование|Здравоохранение|Спорт|Культура|Административные здания|ДОУ|Офисно-деловой центр,
356,,12.7.1.,0,Устройство бетонных покрытий (отмостка),8,Благоустройство,наследует 12.7.1.,Жильё|Образование|Здравоохранение|Спорт|Культура|Административные здания|ДОУ|Офисно-деловой центр,
357,,12.7.1.,0,Устройство площадок с покрытием из резиновой крошки,8,Благоустройство,наследует 12.7.1.,Жильё|Образование|Здравоохранение|Спорт|Культура|Административные здания|ДОУ|Офисно-деловой центр,
358,,12.7.1.,0,Установка водоотводных лотков,8,Благоустройство,наследует 12.7.1.,Жильё|Образование|Здравоохранение|Спорт|Культура|Административные здания|ДОУ|Офисно-деловой центр,
359,,12.7.1.,0,Устройство подпорных стен,8,Благоустройство,наследует 12.7.1.,Жильё|Образование|Здравоохранение|Спорт|Культура|Административные здания|ДОУ|Офисно-деловой центр,
360,,12.7.1.,0,"Обустройство дорог: установка знаков, нанесение разметки",8,Благоустройство,наследует 12.7.1.,Жильё|Образование|Здравоохранение|Спорт|Культура|Административные здания|ДОУ|Офисно-деловой центр,
361,12.7.2.,,3,Озеленение,8,Благоустройство,правило 12.7.,Жильё|Образование|Здравоохранение|Спорт|Культура|Административные здания|ДОУ|Офисно-деловой центр|Дороги,
362,,12.7.2.,0,Устройство газона рулонного,8,Благоустройство,наследует 12.7.2.,Жильё|Образование|Здравоохранение|Спорт|Культура|Административные здания|ДОУ|Офисно-деловой центр,
363,,12.7.2.,0,Устройство газона посевного,8,Благоустройство,наследует 12.7.2.,Жильё|Образование|Здравоохранение|Спорт|Культура|Административные здания|ДОУ|Офисно-деловой центр,
364,,12.7.2.,0,Устройство цветников,8,Благоустройство,наследует 12.7.2.,Жильё|Образование|Здравоохранение|Спорт|Культура|Административные здания|ДОУ|Офисно-деловой центр,
365,,12.7.2.,0,Посадка деревьев,8,Благоустройство,наследует 12.7.2.,Жильё|Образование|Здравоохранение|Спорт|Культура|Административные здания|ДОУ|Офисно-деловой центр,
366,,12.7.2.,0,Посадка кустарников,8,Благоустройство,наследует 12.7.2.,Жильё|Образование|Здравоохранение|Спорт|Культура|Административные здания|ДОУ|Офисно-деловой центр,
367,12.7.3.,,3,Установка МАФов,8,Благоустройство,правило 12.7.,Жильё|Образование|Здравоохранение|Спорт|Культура|Административные здания|ДОУ|Офисно-деловой центр|Дороги,
368,12.7.4.,,3,Вертикальная планировка,8,Благоустройство,правило 12.7.,Жильё|Образование|Здравоохранение|Спорт|Культура|Административные здания|ДОУ|Офисно-деловой центр|Дороги,
369,,12.7.4.,0,Устройство насыпи,8,Благоустройство,наследует 12.7.4.,Жильё|Образование|Здравоохранение|Спорт|Культура|Административные здания|ДОУ|Офисно-деловой центр,
370,,12.7.4.,0,Устройство выемки,8,Благоустройство,наследует 12.7.4.,Жильё|Образование|Здравоохранение|Спорт|Культура|Административные здания|ДОУ|Офисно-деловой центр,
371,12.7.5.,,3,Посадка зеленых насаждений,8,Благоустройство,правило 12.7.,Жильё|Образование|Здравоохранение|Спорт|Культура|Административные здания|ДОУ|Офисно-деловой центр|Дороги,
372,12.7.6.,,3,Ограждение территории,8,Благоустройство,правило 12.7.,Жильё|Образование|Здравоохранение|Спорт|Культура|Административные здания|ДОУ|Офисно-деловой центр,
373,,12.7.6.,0,"Ограждение территории, в т.ч. ворота, калитки, шлагбаумы",8,Благоустройство,наследует 12.7.6.,Жильё|Образование|Здравоохранение|Спорт|Культура|Административные здания|ДОУ|Офисно-деловой центр,
374,,12.7.6.,0,Ограждение спортивной площадки,8,Благоустройство,наследует 12.7.6.,Жильё|Образование|Здравоохранение|Спорт|Культура|Административные здания|ДОУ|Офисно-деловой центр,
375,12.7.7.,,3,Устройство пешеходных зон и тротуаров,8,Благоустройство,правило 12.7.,Образование|Здравоохранение|Спорт|Культура|Административные здания|ДОУ|Офисно-деловой центр|Дороги,
376,,12.7.7.,0,Наружное освещение,8,Благоустройство,наследует 12.7.7.,Образование|Здравоохранение|Спорт|Культура|Административные здания|ДОУ|Офисно-деловой центр|Дороги,
377,,12.7.7.,0,Прокладка кабеля,8,Благоустройство,наследует 12.7.7.,Дороги,
378,,12.7.7.,0,Устройство фундаментов опор,8,Благоустройство,наследует 12.7.7.,Дороги,
379,,12.7.7.,0,Установка опор,8,Благоустройство,наследует 12.7.7.,Дороги,
380,,12.7.7.,0,Архитектурно-художественная подсветка здания,8,Благоустройство,наследует 12.7.7.,Жильё|Образование|Здравоохранение|Спорт|Культура|Административные здания|ДОУ|Офисно-деловой центр|Дороги,
