key,latching,text,hint
is_construction,0,"Видны ли признаки идущей стройки — незавершённые конструкции, строительные материалы или техника?","контекстный вопрос, ставится к каждому кадру"
cleared,1,"Расчищена ли площадка от прежних построек и растительности?","ровная открытая территория грунта внутри забора"
old_building,0,"Видно ли в пятне застройки старое здание, которое разбирают или которое ещё не снесено?","существующая постройка внутри забора, частично разрушенные стены, выбитые окна, торчащая арматура"
debris,1,"Видны ли кучи строительного мусора — обломки бетона, кирпича, арматуры?","бесформенные груды боя разных фракций, не однородный грунт"
tree_felling,0,"Видны ли следы вырубки деревьев — пни, поваленные стволы, кучи веток?","порубочные остатки, штабели брёвен, выкорчеванные корни"
flat_ground,0,"Представляет ли пятно застройки ровную поверхность — без котлована, свай и бетонных конструкций?","сплошной грунт или щебень на месте будущего здания, никаких выемок и вертикальных конструкций"
pile_rig,0,"Видна ли сваебойная или буровая установка — машина с высокой вертикальной мачтой?","мачта выше кабины в несколько раз, шнек или молот"
pile_stock,0,"Видны ли складированные сваи, шпунт или длинные цилиндрические арматурные каркасы?","штабели ж/б свай, пачки шпунтин, решётчатые трубчатые каркасы длиной с грузовик"
pile_heads,1,"Видны ли оголовки свай, торчащие из грунта?","ряды бетонных столбиков или труб с выпусками арматуры над поверхностью"
sheet_pile,1,"Видно ли шпунтовое ограждение — стена из вертикальных металлических профилей, забитых в грунт?","гофрированная металлическая стенка по краю будущего котлована"
capping_beam,1,"Видна ли бетонная обвязочная балка поверх свай или шпунта по контуру котлована?","горизонтальный бетонный пояс по верху ограждения котлована"
pit,1,"Виден ли открытый котлован — выемка ниже уровня земли на значительной части площадки?","большая яма с откосами или вертикальными стенками ограждения, глубже роста человека; отдельные ямы у свай, траншеи и кучи грунта на ровной площадке — не котлован"
earthwork,0,"Видна ли землеройная техника за работой — экскаватор копает или грузит грунт?","ковш в грунте или над кузовом самосвала"
soil_pile,0,"Виден ли отвал вынутого грунта или кучи земли?","однородные кучи песка или глины"
struts,1,"Видны ли металлические распорки или подкосы, поддерживающие стенки котлована?","толстые трубы или балки поперёк котлована или наклонно от стенки ко дну"
pit_bottom_bare,0,"Дно котлована — открытый неровный грунт, без песчаной подсыпки и бетона?","следы ковша, лужи, перепады уровня на дне; ровной светлой поверхности нет"
pit_bottom_prepared,1,"Выровнено ли дно котлована и покрыто песком, щебнем или тонким слоем бетона?","ровная светлая поверхность на дне без ковшовых следов"
formwork,0,"Видна ли опалубка — щиты или формы для заливки бетона?","деревянные или металлические щиты, часто жёлтые или красные, с подпорками"
rebar,0,"Видны ли арматурные каркасы, сетка или прутья арматуры?","густая металлическая сетка на основании или вертикальные выпуски"
basement_walls,1,"Видны ли бетонные стены или колонны подземного этажа внутри котлована?","вертикальные бетонные конструкции от дна котлована"
backfill,1,"Засыпаны ли грунтом пазухи вокруг подземной части, так что котлована больше нет?","грунт подходит вплотную к стенам здания, свай и шпунта больше не видно"
above_grade,1,"Возвышается ли здание выше уровня земли на один этаж или больше?","каркас или стены поднимаются над территорией"
formwork_floor,0,"Видна ли опалубка перекрытий или стен на верхних этажах?","щиты, стойки и балки опалубки на верхнем уровне"
unfinished_top,0,"Верхний этаж выглядит незавершённым — торчит арматура, открытые перекрытия, нет стен?","выпуски арматуры вверх, открытая плита без стен"
masonry,0,"Заполняются ли проёмы между перекрытиями кладкой из блоков или кирпича?","светлые газобетонные блоки или кирпич между плитами, поддоны блоков на этажах"
bare_concrete,0,"Здание представляет собой голый бетонный каркас без какой-либо наружной отделки?","серый бетон, открытые перекрытия, нет окон и облицовки"
insulation,0,"Видны ли на стенах плиты утеплителя или металлические направляющие без облицовки?","жёлтые или серо-зелёные плиты минваты с дюбелями, ветрозащитная мембрана, вертикальные профили поверх утеплителя"
cladding,1,"Закрыт ли фасад навесными панелями, облицовкой или штукатуркой хотя бы частично?","керамогранит, фиброцементные панели, кассеты, окрашенная штукатурка"
glazing,1,"Установлены ли окна или витражное остекление?","рамы со стёклами, блики, плёнка на стёклах"
scaffold,0,"Видны ли фасадные леса, люльки или строительные подъёмники на стенах здания?","решётчатые леса с сеткой, подвесные люльки на тросах, мачта подъёмника"
roof_cover,1,"Закрыта ли крыша кровельным покрытием?","сплошное тёмное рулонное покрытие или профлист, а не голый бетон"
asphalt_work,0,"Укладывается ли асфальт или тротуарная плитка прямо сейчас?","асфальтоукладчик, каток, дымящийся свежий асфальт, поддоны плитки и рабочие"
paving,1,"Уложено ли покрытие проездов или тротуаров — асфальт или тротуарная плитка?","готовые чистые проезды и дорожки"
landscaping,1,"Видно ли озеленение — газон, посаженные деревья или кустарники?","зелёный газон, молодые деревья с опорами-растяжками"
amenities,1,"Видны ли малые архитектурные формы — детские или спортивные площадки, скамейки, урны?","игровое оборудование, резиновое покрытие, скамейки"
no_heavy_equipment,0,"Отсутствует ли на площадке тяжёлая строительная техника — экскаваторы, бетононасосы, башенный кран?","на площадке нет ни экскаваторов, ни самосвалов под погрузкой, ни бетононасосов; башенный кран разобран или отсутствует"
