stage_id,key,polarity
*,is_construction,context
1,cleared,must_have
1,old_building,must_have
1,debris,must_have
1,tree_felling,must_have
1,flat_ground,must_have
1,pit,must_not_have
1,above_grade,must_not_have
2,pile_rig,must_have
2,pile_stock,must_have
2,pile_heads,must_have
2,sheet_pile,must_have
2,capping_beam,must_have
2,above_grade,must_not_have
2,pit,must_not_have
3,pit,must_have
3,earthwork,must_have
3,soil_pile,must_have
3,struts,must_have
3,pit_bottom_bare,must_have
3,pit_bottom_prepared,must_not_have
3,above_grade,must_not_have
4,pit_bottom_prepared,must_have
4,formwork,must_have
4,rebar,must_have
4,basement_walls,must_have
4,backfill,must_have
4,above_grade,must_not_have
4,pit_bottom_bare,must_not_have
5,above_grade,must_have
5,formwork_floor,must_have
5,unfinished_top,must_have
5,masonry,must_have
5,bare_concrete,must_have
5,cladding,must_not_have
5,glazing,must_not_have
6,cladding,must_have
6,glazing,must_have
6,scaffold,must_have
6,insulation,must_have
6,roof_cover,must_have
6,bare_concrete,must_not_have
7,paving,must_have
7,landscaping,must_have
7,amenities,must_have
7,asphalt_work,must_have
7,no_heavy_equipment,must_have
7,scaffold,must_not_have
7,debris,must_not_have
