row,code,parent_code,name,status,stage_id,substage_id,rule,reason,object_types
4,10.,,Подготовка территории,header,,,явно,заголовок группы,Жильё|Образование|Здравоохранение|Спорт|Культура|Административные здания|ДОУ|Офисно-деловой центр|Дороги
5,10.1.,,Отселение домов в пятне застройки,unobservable,1,,явно,"Отселение — юридический и организационный процесс, на площадке не виден.",Жильё|Образование|Здравоохранение|Спорт|Культура|Административные здания|ДОУ|Офисно-деловой центр|Дороги
6,10.2.,,Вынос инженерных систем из пятна застройки (ЦТП/ТП/сети),substage,1,1.3,явно,,Жильё|Образование|Здравоохранение|Спорт|Культура|Административные здания|ДОУ|Офисно-деловой центр|Дороги
7,,10.2.,Вынос сетей: теплосеть (ЦТП),substage,1,1.3,наследует 10.2.,,Жильё|Образование|Здравоохранение|Спорт|Культура|Административные здания|ДОУ|Офисно-деловой центр|Дороги
8,,10.2.,Вынос сетей: теплосеть (сети),substage,1,1.3,наследует 10.2.,,Жильё|Образование|Здравоохранение|Спорт|Культура|Административные здания|ДОУ|Офисно-деловой центр|Дороги
9,,10.2.,Вынос сетей: теплосеть,substage,1,1.3,наследует 10.2.,,Жильё|Образование|Здравоохранение|Спорт|Культура|Административные здания|ДОУ|Офисно-деловой центр|Дороги
10,,10.2.,Вынос сетей: водоснабжение,substage,1,1.3,наследует 10.2.,,Жильё|Образование|Здравоохранение|Спорт|Культура|Административные здания|ДОУ|Офисно-деловой центр|Дороги
11,,10.2.,Вынос сетей: Х/Б канализация,substage,1,1.3,наследует 10.2.,,Жильё|Образование|Здравоохранение|Спорт|Культура|Административные здания|ДОУ|Офисно-деловой центр|Дороги
12,,10.2.,Вынос сетей: ливневая канализация,substage,1,1.3,наследует 10.2.,,Жильё|Образование|Здравоохранение|Спорт|Культура|Административные здания|ДОУ|Офисно-деловой центр|Дороги
13,,10.2.,Вынос сетей: газоснабжение,substage,1,1.3,наследует 10.2.,,Жильё|Образование|Здравоохранение|Спорт|Культура|Административные здания|ДОУ|Офисно-деловой центр|Дороги
14,,10.2.,Вынос сетей: электроснабжение (ТП),substage,1,1.3,наследует 10.2.,,Жильё|Образование|Здравоохранение|Спорт|Культура|Административные здания|ДОУ|Офисно-деловой центр|Дороги
15,,10.2.,Вынос сетей: электроснабжение (сети),substage,1,1.3,наследует 10.2.,,Жильё|Образование|Здравоохранение|Спорт|Культура|Административные здания|ДОУ|Офисно-деловой центр|Дороги
16,,10.2.,Вынос сетей: электроснабжение,substage,1,1.3,наследует 10.2.,,Жильё|Образование|Здравоохранение|Спорт|Культура|Административные здания|ДОУ|Офисно-деловой центр|Дороги
17,,10.2.,Вынос сетей: сети связи (КП МПТЦ),substage,1,1.3,наследует 10.2.,,Жильё|Образование|Здравоохранение|Спорт|Культура|Административные здания|ДОУ|Офисно-деловой центр|Дороги
18,,10.2.,Вынос сетей: сети связи,substage,1,1.3,наследует 10.2.,,Жильё|Образование|Здравоохранение|Спорт|Культура|Административные здания|ДОУ|Офисно-деловой центр|Дороги
19,10.3.,,Снос домов в пятне застройки,substage,1,1.1,явно,,Жильё|Образование|Здравоохранение|Спорт|Культура|Административные здания|ДОУ|Офисно-деловой центр|Дороги
20,10.4.,,Снос нежилых объектов в пятне застройки,substage,1,1.1,явно,,Жильё|Образование|Здравоохранение|Спорт|Культура|Административные здания|ДОУ|Офисно-деловой центр|Дороги
21,10.5.,,Вырубка зеленых насаждений,substage,1,1.2,явно,,Жильё|Образование|Здравоохранение|Спорт|Культура|Административные здания|ДОУ|Офисно-деловой центр|Дороги
22,10.6.,,Пересадка зеленых насождений,substage,1,1.2,явно,,Жильё|Образование|Здравоохранение|Спорт|Культура|Административные здания|ДОУ|Офисно-деловой центр|Дороги
23,10.7.,,Проверка посадки здания,unobservable,1,,явно,Геодезические работы: разбивка осей и знаки не различимы на снимке с камеры.,Жильё|Образование|Здравоохранение|Спорт|Культура|Административные здания|ДОУ|Офисно-деловой центр|Дороги
24,10.8.,,Демонтаж ж/б перекрытий,substage,1,1.1,явно,,Жильё|Образование|Здравоохранение|Спорт|Культура|Административные здания|ДОУ|Офисно-деловой центр|Дороги
25,10.9.,,Погрузка строительного мусора,substage,1,1.1,явно,,Жильё|Образование|Здравоохранение|Спорт|Культура|Административные здания|ДОУ|Офисно-деловой центр|Дороги
26,10.10.,,Устройство геодезических знаков,unobservable,1,,явно,Геодезические работы: разбивка осей и знаки не различимы на снимке с камеры.,Жильё|Образование|Здравоохранение|Спорт|Культура|Административные здания|ДОУ|Офисно-деловой центр|Дороги
27,10.11.,,Обустройство строительной площадки,substage,1,1.4,явно,,Жильё|Образование|Здравоохранение|Спорт|Культура|Административные здания|ДОУ|Офисно-деловой центр|Дороги
28,10.11.1.,,Устройство ограждения строительной площадки,out_of_scope,,,,только для дорог,Дороги
29,10.11.2.,,Устройство временных инженерных сетей,out_of_scope,,,,только для дорог,Дороги
30,10.11.3.,,Устройство временных внутриплощадочных и подъездных дорог,out_of_scope,,,,только для дорог,Дороги
31,10.11.4.,,Возведение хозяйственно-бытового городка,out_of_scope,,,,только для дорог,Дороги
32,10.12.,,Организация движения согласно ПОДД на период строительства,substage,1,1.4,явно,,Жильё|Образование|Здравоохранение|Спорт|Культура|Административные здания|ДОУ|Офисно-деловой центр|Дороги
33,10.13.,,Оснащение стройплощадки оборудованием по 299-ПП,unobservable,1,,явно,"Установка камер и датчиков по 299-ПП — это сам источник данных, а не наблюдаемая работа.",Жильё|Образование|Здравоохранение|Спорт|Культура|Административные здания|ДОУ|Офисно-деловой центр|Дороги
34,10.13.1.,,Видеокамеры для обзора территории стройплощадки (тип 1),unobservable,1,,наследует 10.13.,"Установка камер и датчиков по 299-ПП — это сам источник данных, а не наблюдаемая работа.",Жильё|Образование|Здравоохранение|Спорт|Культура|Административные здания|ДОУ|Офисно-деловой центр|Дороги
35,10.13.2.,,Видеокамеры для установки на КПП в зоне входа/выхода на стройплощадку (тип 2),unobservable,1,,наследует 10.13.,"Установка камер и датчиков по 299-ПП — это сам источник данных, а не наблюдаемая работа.",Жильё|Образование|Здравоохранение|Спорт|Культура|Административные здания|ДОУ|Офисно-деловой центр|Дороги
36,10.13.3.,,Видеокамеры для обзора зоны въезда/выезда на стройплощадку с распознаванием гос. номера ТС (тип 3),unobservable,1,,наследует 10.13.,"Установка камер и датчиков по 299-ПП — это сам источник данных, а не наблюдаемая работа.",Жильё|Образование|Здравоохранение|Спорт|Культура|Административные здания|ДОУ|Офисно-деловой центр|Дороги
37,10.13.4.,,Установка датчиков шума (тип 4) (при необходимости),unobservable,1,,наследует 10.13.,"Установка камер и датчиков по 299-ПП — это сам источник данных, а не наблюдаемая работа.",Жильё|Образование|Здравоохранение|Спорт|Культура|Административные здания|ДОУ|Офисно-деловой центр|Дороги
38,10.14.,,Оснащение стройплощадки системой СКУД с Face ID,unobservable,1,,явно,"СКУД с Face ID — закупка, монтаж на КПП и интеграция, с обзорной камеры не видно.",Жильё|Образование|Здравоохранение|Спорт|Культура|Административные здания|ДОУ|Офисно-деловой центр|Дороги
39,10.14.1.,,Закупка оборудования,unobservable,1,,наследует 10.14.,"СКУД с Face ID — закупка, монтаж на КПП и интеграция, с обзорной камеры не видно.",Жильё|Образование|Здравоохранение|Спорт|Культура|Административные здания|ДОУ|Офисно-деловой центр|Дороги
40,10.14.2.,,Установка оборудования СКУД с FaceID,unobservable,1,,наследует 10.14.,"СКУД с Face ID — закупка, монтаж на КПП и интеграция, с обзорной камеры не видно.",Жильё|Образование|Здравоохранение|Спорт|Культура|Административные здания|ДОУ|Офисно-деловой центр|Дороги
41,10.14.3.,,Интеграция с ЕЦХД,unobservable,1,,наследует 10.14.,"СКУД с Face ID — закупка, монтаж на КПП и интеграция, с обзорной камеры не видно.",Жильё|Образование|Здравоохранение|Спорт|Культура|Административные здания|ДОУ|Офисно-деловой центр|Дороги
42,10.14.4.,,Проведение работ по интеграционному тестированию,unobservable,1,,наследует 10.14.,"СКУД с Face ID — закупка, монтаж на КПП и интеграция, с обзорной камеры не видно.",Жильё|Образование|Здравоохранение|Спорт|Культура|Административные здания|ДОУ|Офисно-деловой центр|Дороги
43,12,,Выполнение строительно-монтажных работ,header,,,явно,заголовок группы,Жильё|Образование|Здравоохранение|Спорт|Культура|Административные здания|ДОУ|Офисно-деловой центр|Дороги
44,12.1.,,Сборка и подготовка устройства ТПМК,out_of_scope,,,,только для дорог,Дороги
45,12.2.,,Проходка тоннелей с монтажем ж/б обделки,out_of_scope,,,,только для дорог,Дороги
46,12.3.,,Устройство подземной части,header,,,явно,заголовок группы,Жильё|Образование|Здравоохранение|Спорт|Культура|Административные здания|ДОУ|Офисно-деловой центр|Дороги
47,12.3.1.,,Устройство котлована,substage,3,3.1,явно,,Жильё|Образование|Здравоохранение|Спорт|Культура|Административные здания|ДОУ|Офисно-деловой центр|Дороги
48,12.3.2.,,Устройство свай,out_of_scope,,,,только для дорог,Дороги
49,12.3.3.,,Устройство основания,out_of_scope,,,,только для дорог,Дороги
50,12.3.4.,,Устройство фундамента,substage,4,4.1,явно,,Жильё|Образование|Здравоохранение|Спорт|Культура|Административные здания|ДОУ|Офисно-деловой центр|Дороги
51,,12.3.4.,Устройство свайного фундамента (при необходимости),substage,2,2.3,явно,,Жильё|Образование|Здравоохранение|Спорт|Культура|Административные здания|ДОУ|Офисно-деловой центр|Дороги
52,,12.3.4.,Устройство песчаной подготовки,substage,4,4.1,явно,,Жильё|Образование|Здравоохранение|Спорт|Культура|Административные здания|ДОУ|Офисно-деловой центр|Дороги
53,,12.3.4.,Устройство щебеночного основания,substage,4,4.1,явно,,Жильё|Образование|Здравоохранение|Спорт|Культура|Административные здания|ДОУ|Офисно-деловой центр|Дороги
54,,12.3.4.,Устройство бетонной подготовки,substage,4,4.1,явно,,Жильё|Образование|Здравоохранение|Спорт|Культура|Административные здания|ДОУ|Офисно-деловой центр|Дороги
55,,12.3.4.,Устройство монолитных ж/б плит перекрытия/покрытия,substage,4,4.2,явно,,Жильё|Образование|Здравоохранение|Спорт|Культура|Административные здания|ДОУ|Офисно-деловой центр|Дороги
56,,12.3.4.,Устройство фундаментной плиты,substage,4,4.2,явно,,Жильё|Образование|Здравоохранение|Спорт|Культура|Административные здания|ДОУ|Офисно-деловой центр
57,,12.3.4.,Устройство фундамента под башенный кран,substage,4,4.1,явно,,Жильё|Образование|Здравоохранение|Спорт|Культура|Административные здания|ДОУ|Офисно-деловой центр
58,,12.3.4.,Армокаркас,out_of_scope,,,,только для дорог,Дороги
59,12.3.5.,,"Ограждающие конструкции (СВГ,БСС)",substage,2,2.2,явно,,Образование|Здравоохранение|Спорт|Культура|Административные здания|ДОУ|Офисно-деловой центр|Дороги
60,,12.3.5.,"Устройство скважины интервала (бурение, разработка, погружение каркаса, бетонирование)",substage,2,2.2,наследует 12.3.5.,,Образование|Здравоохранение|Спорт|Культура|Административные здания|ДОУ|Офисно-деловой центр|Дороги
61,,12.3.5.,Закрепление грунтов,substage,2,2.4,явно,,Образование|Здравоохранение|Спорт|Культура|Административные здания|ДОУ|Офисно-деловой центр|Дороги
62,,12.3.5.,Обвязочная балка,substage,2,2.4,явно,,Образование|Здравоохранение|Спорт|Культура|Административные здания|ДОУ|Офисно-деловой центр|Дороги
63,12.3.6.,,Устройство ограждающих конструкций котлована,substage,2,2.1,явно,,Образование|Здравоохранение|Спорт|Культура|Административные здания|Дороги
64,12.3.7.,,Земляные работы,substage,3,3.1,явно,,Образование|Здравоохранение|Спорт|Культура|Административные здания|ДОУ|Офисно-деловой центр|Дороги
65,,12.3.7.,Разработка грунта,substage,3,3.1,явно,,Образование|Здравоохранение|Спорт|Культура|Административные здания|ДОУ|Офисно-деловой центр|Дороги
66,,12.3.7.,Обратная засыпка,substage,4,4.6,явно,,Образование|Здравоохранение|Спорт|Культура|Административные здания|ДОУ|Офисно-деловой центр|Дороги
67,,12.3.7.,Планировка грунта,substage,3,3.3,явно,,Образование|Здравоохранение|Спорт|Культура|Административные здания|ДОУ|Офисно-деловой центр|Дороги
68,,12.3.7.,Уплотнение грунта,substage,3,3.3,явно,,Образование|Здравоохранение|Спорт|Культура|Административные здания|ДОУ|Офисно-деловой центр|Дороги
69,,12.3.7.,Распорная система,substage,3,3.2,явно,,Образование|Здравоохранение|Спорт|Культура|Административные здания|ДОУ|Офисно-деловой центр|Дороги
70,,12.3.7.,Шпунтовое ограждение,substage,2,2.1,явно,,Жильё|Образование|Здравоохранение|Спорт|Культура|Административные здания|ДОУ|Офисно-деловой центр|Дороги
71,,12.3.7.,"Устройство шпунтового ограждения котлована, устройство деревянной забирки",substage,2,2.1,явно,,Жильё|Образование|Здравоохранение|Спорт|Культура|Административные здания|ДОУ|Офисно-деловой центр|Дороги
72,,12.3.7.,Выемка грунта котлована,substage,3,3.1,явно,,Жильё|Образование|Здравоохранение|Спорт|Культура|Административные здания|ДОУ|Офисно-деловой центр|Дороги
73,,12.3.7.,Разработка грунта с креплением котлована,substage,3,3.2,явно,,Жильё|Образование|Здравоохранение|Спорт|Культура|Административные здания|ДОУ|Офисно-деловой центр|Дороги
74,,12.3.7.,Буронабивные сваи,substage,2,2.3,явно,,Жильё|Образование|Здравоохранение|Спорт|Культура|Административные здания|ДОУ|Офисно-деловой центр|Дороги
75,,12.3.7.,Буроинъекционные сваи,substage,2,2.3,явно,,Жильё|Образование|Здравоохранение|Спорт|Культура|Административные здания|ДОУ|Офисно-деловой центр|Дороги
76,,12.3.7.,Песчаное основание,substage,3,3.3,явно,,Жильё|Образование|Здравоохранение|Спорт|Культура|Административные здания|ДОУ|Офисно-деловой центр|Дороги
77,,12.3.7.,Обратная засыпка грунтом,substage,4,4.6,явно,,Жильё|Образование|Здравоохранение|Спорт|Культура|Административные здания|ДОУ|Офисно-деловой центр|Дороги
78,,12.3.7.,Обратная засыпка песком,substage,4,4.6,явно,,Жильё|Образование|Здравоохранение|Спорт|Культура|Административные здания|ДОУ|Офисно-деловой центр|Дороги
79,12.3.8.,,Основание нижнего слоя дорожной одежды (в т.ч. Песчано-подстилающий слой),out_of_scope,,,,только для дорог,Дороги
80,,12.3.8.,Устройство нижнего слоя основания дорожной одежды,out_of_scope,,,,только для дорог,Дороги
81,,12.3.8.,Планировка нижнего слоя основания дорожной одежды,out_of_scope,,,,только для дорог,Дороги
82,,12.3.8.,Уплотнение нижнего слоя основания дорожной одежды,out_of_scope,,,,только для дорог,Дороги
83,12.3.9.,,"Монолитные работы ниже отметки""0""",substage,4,4.3,явно,,Жильё|Образование|Здравоохранение|Спорт|Культура|Административные здания|ДОУ|Офисно-деловой центр
84,,12.3.9.,"Устройство стен, колонн и пилонов подземного этажа",substage,4,4.3,явно,,Жильё|Образование|Здравоохранение|Спорт|Культура|Административные здания|ДОУ|Офисно-деловой центр
85,,12.3.9.,"Устройство монолитной ж/б фундаментной плиты (плита под здание, плита под башенный кран, фундамент под оборудование), в т.ч. устройство бетонной подготовки",substage,4,4.2,явно,,Жильё|Образование|Здравоохранение|Спорт|Культура|Административные здания|ДОУ|Офисно-деловой центр
86,,12.3.9.,Устройство несущих ж/б контсрукций подземной части здания,substage,4,4.3,явно,,Жильё|Образование|Здравоохранение|Спорт|Культура|Административные здания|ДОУ|Офисно-деловой центр
87,,12.3.9.,Устройство монолитных ж/б колонн,substage,4,4.3,явно,,Жильё|Образование|Здравоохранение|Спорт|Культура|Административные здания|ДОУ|Офисно-деловой центр
88,,12.3.9.,Устройство монолитных ж/б плит перекрытия/покрытия,substage,4,4.3,явно,,Жильё|Образование|Здравоохранение|Спорт|Культура|Административные здания|ДОУ|Офисно-деловой центр
89,,12.3.9.,Устройство монолитных ж/б лестниц,substage,4,4.3,явно,,Жильё|Образование|Здравоохранение|Спорт|Культура|Административные здания|ДОУ|Офисно-деловой центр
90,,12.3.9.,Устройство плиты перекрытия подземного этажа (+0.000),substage,4,4.4,явно,,Жильё|Образование|Здравоохранение|Спорт|Культура|Административные здания|ДОУ|Офисно-деловой центр
91,12.3.10.,,Устройство гидроизоляции,substage,4,4.5,явно,,Жильё|Образование|Здравоохранение|Спорт|Культура|Административные здания|ДОУ|Офисно-деловой центр
92,,12.3.10.,Устройство горизонтальной рулонной гидроизоляции в 2 слоя под защитой,substage,4,4.5,наследует 12.3.10.,,Жильё|Образование|Здравоохранение|Спорт|Культура|Административные здания|ДОУ|Офисно-деловой центр
93,,12.3.10.,Устройство вертикальной рулонной гидроизоляции в 2 слоя,substage,4,4.5,наследует 12.3.10.,,Жильё|Образование|Здравоохранение|Спорт|Культура|Административные здания|ДОУ|Офисно-деловой центр
94,,12.3.10.,Устройство отсечной гидроизоляции стен подвала (пакеры),substage,4,4.5,наследует 12.3.10.,,Жильё|Образование|Здравоохранение|Спорт|Культура|Административные здания|ДОУ|Офисно-деловой центр
95,12.3.11.,,Инъектирование стен подвала,substage,4,4.5,явно,,Жильё|Образование|Здравоохранение|Спорт|Культура|Административные здания|ДОУ|Офисно-деловой центр
96,12.4.,,Устройство надземной части,header,,,явно,заголовок группы,Жильё|Образование|Здравоохранение|Спорт|Культура|Административные здания|ДОУ|Офисно-деловой центр|Дороги
97,12.4.1.,,Заказ оборудования,unobservable,,,явно,"Заказ, поставка и монтаж технологического оборудования — закупки и работы внутри здания.",Жильё|Образование|Здравоохранение|Спорт|Культура|Административные здания|ДОУ|Офисно-деловой центр|Дороги
98,12.4.2.,,Поставка оборудования,unobservable,,,явно,"Заказ, поставка и монтаж технологического оборудования — закупки и работы внутри здания.",Жильё|Образование|Здравоохранение|Спорт|Культура|Административные здания|ДОУ|Офисно-деловой центр|Дороги
99,12.4.3.,,Монтаж оборудования,unobservable,,,явно,"Заказ, поставка и монтаж технологического оборудования — закупки и работы внутри здания.",Жильё|Образование|Здравоохранение|Спорт|Культура|Административные здания|ДОУ|Офисно-деловой центр|Дороги
100,12.4.4.,,Устройство несущих ж/б контсрукций надземной части здания,substage,5,5.1,явно,,Жильё|Образование|Здравоохранение|Спорт|Культура|Административные здания|ДОУ|Офисно-деловой центр|Дороги
101,12.4.5.,,Армокаркас,out_of_scope,,,,только для дорог,Дороги
102,12.4.6.,,Опоры,substage,5,5.1,явно,,Образование|Здравоохранение|Спорт|Культура|Административные здания|ДОУ|Офисно-деловой центр|Дороги
103,,12.4.6.,Устройство гидрозоляции,substage,5,5.1,наследует 12.4.6.,,Образование|Здравоохранение|Спорт|Культура|Административные здания|ДОУ|Офисно-деловой центр|Дороги
104,,12.4.6.,Устройство ж/б конструкций,substage,5,5.1,наследует 12.4.6.,,Образование|Здравоохранение|Спорт|Культура|Административные здания|ДОУ|Офисно-деловой центр|Дороги
105,,12.4.6.,Окраска бетонных поверхностей,substage,5,5.1,наследует 12.4.6.,,Образование|Здравоохранение|Спорт|Культура|Административные здания|ДОУ|Офисно-деловой центр|Дороги
106,12.4.7.,,Пролеты,out_of_scope,,,,только для дорог,Дороги
107,,12.4.7.,Армирование пролетного строения,out_of_scope,,,,только для дорог,Дороги
108,,12.4.7.,Бетонирование пролетного строения,out_of_scope,,,,только для дорог,Дороги
109,,12.4.7.,"Устройство конструкций пролетного строения (металл, балки)",out_of_scope,,,,только для дорог,Дороги
110,,12.4.7.,Устройство конструкций кровли,substage,6,6.1,явно,,Жильё|Образование|Здравоохранение|Спорт|Культура|Административные здания|ДОУ|Офисно-деловой центр|Дороги
111,,12.4.7.,Устройство пирога кровли,substage,6,6.2,явно,,Жильё|Образование|Здравоохранение|Спорт|Культура|Административные здания|ДОУ|Офисно-деловой центр|Дороги
112,12.4.8.,,Стены и перегородки,substage,5,5.3,явно,,Жильё|Образование|Здравоохранение|Спорт|Культура|Административные здания|ДОУ|Офисно-деловой центр|Дороги
113,,12.4.8.,Устройство наружных стен,substage,5,5.3,явно,,Жильё|Образование|Здравоохранение|Спорт|Культура|Административные здания|ДОУ|Офисно-деловой центр|Дороги
114,,12.4.8.,Устройство внутренних перегородок,unobservable,,,явно,Внутренние перегородки и облицовка — внутри здания.,Жильё|Образование|Здравоохранение|Спорт|Культура|Административные здания|ДОУ|Офисно-деловой центр|Дороги
115,,12.4.8.,"Устройство стен из ячеистого бетона, в т.ч. креплением их к монолитным стенам/перекрытиям, заделкой мест примыканий, установкой перемычек и армированием сеткой",substage,5,5.3,явно,,Образование|Здравоохранение|Спорт|Культура|Административные здания|ДОУ|Офисно-деловой центр
116,,12.4.8.,Устройство внутренних перегородок,unobservable,,,явно,Внутренние перегородки и облицовка — внутри здания.,Образование|Здравоохранение|Спорт|Культура|Административные здания|ДОУ|Офисно-деловой центр
117,,12.4.8.,Кладка стен наружных армированных из кирпича,substage,5,5.3,явно,,Образование|Здравоохранение|Спорт|Культура|Административные здания|ДОУ|Офисно-деловой центр
118,,12.4.8.,"Наружная облицовка поверхности стен, отливов профлистом",substage,7,7.3,явно,,Образование|Здравоохранение|Спорт|Культура|Административные здания|ДОУ|Офисно-деловой центр
119,,12.4.8.,"Монтаж наружных стеновых сэндвич-панелей (сэндвич-панели, нащельники)",substage,7,7.3,явно,,Образование|Здравоохранение|Спорт|Культура|Административные здания|ДОУ|Офисно-деловой центр
120,,12.4.8.,"Устройство стен и перегородок из кирпича, в т.ч. креплением их к монолитным стенам/перекрытиям, заделкой мест примыканий, установкой перемычек и армированием сеткой",substage,5,5.3,явно,,Образование|Здравоохранение|Спорт|Культура|Административные здания|ДОУ|Офисно-деловой центр
121,,12.4.8.,"Устройство армированных кирпичных перегородок, укладка перемычек",unobservable,,,явно,Внутренние перегородки и облицовка — внутри здания.,Образование|Здравоохранение|Спорт|Культура|Административные здания|ДОУ|Офисно-деловой центр
122,,12.4.8.,Облицовка стен ГВЛВ по металлическому каркасу с теплоизоляцией,unobservable,,,явно,Внутренние перегородки и облицовка — внутри здания.,Образование|Здравоохранение|Спорт|Культура|Административные здания|ДОУ|Офисно-деловой центр
123,,12.4.8.,Устройство армированных перегородок из газобетонных блоков,unobservable,,,явно,Внутренние перегородки и облицовка — внутри здания.,Образование|Здравоохранение|Спорт|Культура|Административные здания|ДОУ|Офисно-деловой центр
124,,12.4.8.,Устройство армированных внутренних перегородок из газобетонного блока,unobservable,,,явно,Внутренние перегородки и облицовка — внутри здания.,Образование|Здравоохранение|Спорт|Культура|Административные здания|ДОУ|Офисно-деловой центр
125,,12.4.8.,Установка сантехнических перегородок,unobservable,,,явно,Внутренние перегородки и облицовка — внутри здания.,Образование|Здравоохранение|Спорт|Культура|Административные здания|ДОУ|Офисно-деловой центр
126,,12.4.8.,Устройство перегородок из гипсокартонных листов (ГКЛ),unobservable,,,явно,Внутренние перегородки и облицовка — внутри здания.,Образование|Здравоохранение|Спорт|Культура|Административные здания|ДОУ|Офисно-деловой центр
127,,12.4.8.,Облицовка стен листами ГКЛ на клею в 2 слоя,unobservable,,,явно,Внутренние перегородки и облицовка — внутри здания.,Образование|Здравоохранение|Спорт|Культура|Административные здания|ДОУ|Офисно-деловой центр
128,,12.4.8.,Установка люков сантехнических (ревизионных),unobservable,,,явно,Внутренние перегородки и облицовка — внутри здания.,Образование|Здравоохранение|Спорт|Культура|Административные здания|ДОУ|Офисно-деловой центр
129,12.4.9.,,Бетонирование плиты и стен,substage,5,5.1,явно,,Спорт|Дороги
130,12.4.10.,,Бетонирование колонн и перекрытий,substage,5,5.1,явно,,Спорт|Дороги
131,12.4.11.,,Фасад,substage,7,7.3,явно,,Жильё|Образование|Здравоохранение|Спорт|Культура|Административные здания|ДОУ|Офисно-деловой центр|Дороги
132,,12.4.11.,Монтаж утеплителя,substage,7,7.2,явно,,Жильё|Образование|Здравоохранение|Спорт|Культура|Административные здания|ДОУ|Офисно-деловой центр|Дороги
133,,12.4.11.,Монтаж фасадной системы,substage,7,7.3,явно,,Жильё|Образование|Здравоохранение|Спорт|Культура|Административные здания|ДОУ|Офисно-деловой центр|Дороги
134,,12.4.11.,Монтаж навесных элементов фасада,substage,7,7.4,явно,,Жильё|Образование|Здравоохранение|Спорт|Культура|Административные здания|ДОУ|Офисно-деловой центр|Дороги
135,,12.4.11.,Заполнение оконных проемов,substage,7,7.1,явно,,Жильё|Образование|Здравоохранение|Спорт|Культура|Административные здания|ДОУ|Офисно-деловой центр|Дороги
136,12.4.12.,,Основание верхнего слоя дорожной одежды,out_of_scope,,,,только для дорог,Дороги
137,,12.4.12.,Устройство верхнего слоя основания дорожной одежды,out_of_scope,,,,только для дорог,Дороги
138,,12.4.12.,Планировка верхнего слоя основания дорожной одежды,out_of_scope,,,,только для дорог,Дороги
139,,12.4.12.,Уплотнение верхнего слоя основания дорожной одежды,out_of_scope,,,,только для дорог,Дороги
140,,12.4.12.,Устройство бортового камня,out_of_scope,,,,только для дорог,Дороги
141,12.4.13.,,Мостовое полотно,out_of_scope,,,,только для дорог,Дороги
142,,12.4.13.,Устройство плиты проезжей части,out_of_scope,,,,только для дорог,Дороги
143,,12.4.13.,Устройство монолитного участка деформационного шва,out_of_scope,,,,только для дорог,Дороги
144,,12.4.13.,Установка бокового барьерного ограждения с внешней стороны пролетного строения,out_of_scope,,,,только для дорог,Дороги
145,,12.4.13.,Установка барьерного ограждения на разделительной полосе,out_of_scope,,,,только для дорог,Дороги
146,,12.4.13.,Установка перильного ограждения,out_of_scope,,,,только для дорог,Дороги
147,,12.4.13.,"Устройство конструкций пролетного строения (металл, балки)",out_of_scope,,,,только для дорог,Дороги
148,12.4.14.,,Покрытие дорожной одежды,out_of_scope,,,,только для дорог,Дороги
149,,12.4.14.,Устройство нижнего слоя покрытия,out_of_scope,,,,только для дорог,Дороги
150,,12.4.14.,Устройство верхнего слоя покрытия,out_of_scope,,,,только для дорог,Дороги
151,,12.4.14.,Дорожные знаки,out_of_scope,,,,только для дорог,Дороги
152,,12.4.14.,Пешеходное ограждение,out_of_scope,,,,только для дорог,Дороги
153,,12.4.14.,Светофорные объекты,out_of_scope,,,,только для дорог,Дороги
154,,12.4.14.,Шумо/грязезащитные экраны,out_of_scope,,,,только для дорог,Дороги
155,,12.4.14.,Дорожное ограждение,out_of_scope,,,,только для дорог,Дороги
156,12.4.15.,,ВСП (верхнее строение пути),out_of_scope,,,,только для дорог,Дороги
157,,12.4.15.,Жесткое основание,out_of_scope,,,,только для дорог,Дороги
158,,12.4.15.,"Рельсо-шпальная решетка, стрелочные переводы",out_of_scope,,,,только для дорог,Дороги
159,,12.4.15.,Путевой бетон,out_of_scope,,,,только для дорог,Дороги
160,12.4.16.,,Средства организации дорожного движения,out_of_scope,,,,только для дорог,Дороги
161,12.4.17.,,Дорожная разметка,out_of_scope,,,,только для дорог,Дороги
162,12.4.18.,,Обустройство,out_of_scope,,,,только для дорог,Дороги
163,12.4.19.,,Установка дорожных знаков,out_of_scope,,,,только для дорог,Дороги
164,12.4.20.,,Установка пешеходного ограждения,out_of_scope,,,,только для дорог,Дороги
165,12.4.21.,,Установка светофорных объектов,out_of_scope,,,,только для дорог,Дороги
166,12.4.22.,,Установка шумо/грязезащитных экранов,out_of_scope,,,,только для дорог,Дороги
167,12.4.23.,,Подпорная / противопожарная стена,out_of_scope,,,,только для дорог,Дороги
168,12.4.24.,,Противопожарные мероприятия,out_of_scope,,,,только для дорог,Дороги
169,12.4.25.,,Трансбарьер,out_of_scope,,,,только для дорог,Дороги
170,12.4.26.,,"огнезащита, окраска",out_of_scope,,,,только для дорог,Дороги
171,12.4.27.,,Насыпь/Призма,out_of_scope,,,,только для дорог,Дороги
172,12.4.28.,,"Монолитные работы выше отметки""0""",substage,5,5.1,явно,,Жильё|Образование|Здравоохранение|Спорт|Культура|Административные здания|ДОУ|Офисно-деловой центр
173,,12.4.28.,"Сталебетонные перекрытия выше отм. 0,000",substage,5,5.1,явно,,Жильё|Образование|Здравоохранение|Спорт|Культура|Административные здания|ДОУ|Офисно-деловой центр
174,,12.4.28.,Устройство монолитных ж/б лестниц,substage,5,5.1,явно,,Жильё|Образование|Здравоохранение|Спорт|Культура|Административные здания|ДОУ|Офисно-деловой центр
175,,12.4.28.,Трибуны актового зала,unobservable,,,явно,Внутренние конструкции зала.,Жильё|Образование|Здравоохранение|Спорт|Культура|Административные здания|ДОУ|Офисно-деловой центр
176,,12.4.28.,Устройство монолитных ж/б конструкций входных групп,substage,5,5.1,явно,,Жильё|Образование|Здравоохранение|Спорт|Культура|Административные здания|ДОУ|Офисно-деловой центр
177,,12.4.28.,Устройство горизонтальной рулонной гидроизоляции в 2 слоя под защитой,substage,4,4.5,явно,,Жильё|Образование|Здравоохранение|Спорт|Культура|Административные здания|ДОУ|Офисно-деловой центр
178,,12.4.28.,Устройство вертикальной рулонной гидроизоляции в 2 слоя по праймеру,substage,4,4.5,явно,,Жильё|Образование|Здравоохранение|Спорт|Культура|Административные здания|ДОУ|Офисно-деловой центр
179,,12.4.28.,Теплоизоляция стен экструдированным пенополистиролом толщ. 100 мм,substage,4,4.5,явно,,Жильё|Образование|Здравоохранение|Спорт|Культура|Административные здания|ДОУ|Офисно-деловой центр
180,,12.4.28.,"Устройство пристенного дренажа, в т.ч. прижимной стенки",substage,4,4.5,явно,,Жильё|Образование|Здравоохранение|Спорт|Культура|Административные здания|ДОУ|Офисно-деловой центр
181,12.4.29.,,Каркас здания,substage,5,5.1,явно,,Жильё|Образование|Здравоохранение|Спорт|Культура|Административные здания|ДОУ|Офисно-деловой центр
182,,12.4.29.,Устройство ж/б конструкций,substage,5,5.1,наследует 12.4.29.,,Жильё|Образование|Здравоохранение|Спорт|Культура|Административные здания|ДОУ|Офисно-деловой центр
183,12.4.30.,,Металлоконструкции,substage,5,5.2,явно,,Жильё|Образование|Здравоохранение|Спорт|Культура|Административные здания|ДОУ|Офисно-деловой центр|Дороги
184,,12.4.30.,"Металлоконструкции (фермы, балки, прогоны, надколонники, связи, козырьки, решетки приямков, лестницы)",substage,5,5.2,явно,,Жильё|Образование|Здравоохранение|Спорт|Культура|Административные здания|ДОУ|Офисно-деловой центр|Дороги
185,,12.4.30.,Покрытие из профилированного листа,substage,6,6.1,явно,,Жильё|Образование|Здравоохранение|Спорт|Культура|Административные здания|ДОУ|Офисно-деловой центр|Дороги
186,,12.4.30.,Огнезащита м/к,substage,5,5.2,явно,,Жильё|Образование|Здравоохранение|Спорт|Культура|Административные здания|ДОУ|Офисно-деловой центр|Дороги
187,,12.4.30.,Ограждения,substage,7,7.4,явно,,Жильё|Образование|Здравоохранение|Спорт|Культура|Административные здания|ДОУ|Офисно-деловой центр|Дороги
188,,12.4.30.,Решетки,substage,7,7.4,явно,,Жильё|Образование|Здравоохранение|Спорт|Культура|Административные здания|ДОУ|Офисно-деловой центр|Дороги
189,,12.4.30.,Пожарные лестницы,substage,7,7.4,явно,,Жильё|Образование|Здравоохранение|Спорт|Культура|Административные здания|ДОУ|Офисно-деловой центр|Дороги
190,12.4.31.,,Устройство пирога кровли,substage,6,6.2,явно,,Жильё|Образование|Здравоохранение|Спорт|Культура|Административные здания|ДОУ|Офисно-деловой центр
191,,12.4.31.,Пароизоляция,substage,6,6.2,явно,,Жильё|Образование|Здравоохранение|Спорт|Культура|Административные здания|ДОУ|Офисно-деловой центр
192,,12.4.31.,Утепление,substage,6,6.2,явно,,Жильё|Образование|Здравоохранение|Спорт|Культура|Административные здания|ДОУ|Офисно-деловой центр
193,,12.4.31.,Разуклонка ЦПР,substage,6,6.2,явно,,Жильё|Образование|Здравоохранение|Спорт|Культура|Административные здания|ДОУ|Офисно-деловой центр
194,,12.4.31.,Гидроизоляция 3 слоя,substage,6,6.2,явно,,Жильё|Образование|Здравоохранение|Спорт|Культура|Административные здания|ДОУ|Офисно-деловой центр
195,,12.4.31.,Покрытие козырьков,substage,6,6.3,явно,,Жильё|Образование|Здравоохранение|Спорт|Культура|Административные здания|ДОУ|Офисно-деловой центр
196,,12.4.31.,"Водосток с основной кровли, с кровли крылец",substage,6,6.3,явно,,Жильё|Образование|Здравоохранение|Спорт|Культура|Административные здания|ДОУ|Офисно-деловой центр
197,,12.4.31.,Устройство кровли. Тип 1,substage,6,6.2,явно,,Жильё|Образование|Здравоохранение|Спорт|Культура|Административные здания|ДОУ|Офисно-деловой центр
198,,12.4.31.,Устройство кровли. Тип 2,substage,6,6.2,явно,,Жильё|Образование|Здравоохранение|Спорт|Культура|Административные здания|ДОУ|Офисно-деловой центр
199,,12.4.31.,Устройство кровли. Тип 3,substage,6,6.2,явно,,Жильё|Образование|Здравоохранение|Спорт|Культура|Административные здания|ДОУ|Офисно-деловой центр
200,,12.4.31.,Устройство кровли. Тип 4,substage,6,6.2,явно,,Жильё|Образование|Здравоохранение|Спорт|Культура|Административные здания|ДОУ|Офисно-деловой центр
201,,12.4.31.,Устройство кровли. Тип 5,substage,6,6.2,явно,,Жильё|Образование|Здравоохранение|Спорт|Культура|Административные здания|ДОУ|Офисно-деловой центр
202,,12.4.31.,Устройство кровли. Тип 6,substage,6,6.2,явно,,Жильё|Образование|Здравоохранение|Спорт|Культура|Административные здания|ДОУ|Офисно-деловой центр
203,,12.4.31.,Устройство кровли. Тип 7,substage,6,6.2,явно,,Жильё|Образование|Здравоохранение|Спорт|Культура|Административные здания|ДОУ|Офисно-деловой центр
204,,12.4.31.,Устройство кровли. Тип 8,substage,6,6.2,явно,,Жильё|Образование|Здравоохранение|Спорт|Культура|Административные здания|ДОУ|Офисно-деловой центр
205,,12.4.31.,Козырьки из светопрозрачных металлических конструкций,substage,6,6.3,явно,,Жильё|Образование|Здравоохранение|Спорт|Культура|Административные здания|ДОУ|Офисно-деловой центр
206,,12.4.31.,Дополнительные элементы и надстройки кровли,substage,6,6.1,явно,,Жильё|Образование|Здравоохранение|Спорт|Культура|Административные здания|ДОУ|Офисно-деловой центр
207,,12.4.31.,Парапеты вентшахты,substage,6,6.1,явно,,Жильё|Образование|Здравоохранение|Спорт|Культура|Административные здания|ДОУ|Офисно-деловой центр
208,,12.4.31.,Устройство кровли по железобетонному покрытию (Тип кровли 1),substage,6,6.2,явно,,Жильё|Образование|Здравоохранение|Спорт|Культура|Административные здания|ДОУ|Офисно-деловой центр
209,,12.4.31.,Устройство кровли по покрытию из стального профлиста (Тип кровли 2),substage,6,6.2,явно,,Жильё|Образование|Здравоохранение|Спорт|Культура|Административные здания|ДОУ|Офисно-деловой центр
210,,12.4.31.,Установка аэраторов,substage,6,6.3,явно,,Жильё|Образование|Здравоохранение|Спорт|Культура|Административные здания|ДОУ|Офисно-деловой центр
211,,12.4.31.,"Устройство парапетной крышки, крышки фахверка, отделка фахверков парапета",substage,6,6.3,явно,,Жильё|Образование|Здравоохранение|Спорт|Культура|Административные здания|ДОУ|Офисно-деловой центр
212,,12.4.31.,Устройство эксплуатируемой дорожки,substage,6,6.3,явно,,Жильё|Образование|Здравоохранение|Спорт|Культура|Административные здания|ДОУ|Офисно-деловой центр
213,,12.4.31.,"Устройство примыканий в парапету, воронкам",substage,6,6.2,явно,,Жильё|Образование|Здравоохранение|Спорт|Культура|Административные здания|ДОУ|Офисно-деловой центр
214,,12.4.31.,Устройство проходок через кровлю,substage,6,6.2,явно,,Жильё|Образование|Здравоохранение|Спорт|Культура|Административные здания|ДОУ|Офисно-деловой центр
215,,12.4.31.,Устройство шумозащитного экрана,substage,6,6.3,явно,,Жильё|Образование|Здравоохранение|Спорт|Культура|Административные здания|ДОУ|Офисно-деловой центр
216,12.4.32.,,Устройство конструкций кровли,substage,6,6.1,явно,,Жильё|Образование|Здравоохранение|Спорт|Культура|Административные здания|ДОУ|Офисно-деловой центр
217,12.4.33.,,Установка ворот,substage,7,7.1,явно,,Жильё|Образование|Здравоохранение|Спорт|Культура|Административные здания|ДОУ|Офисно-деловой центр
218,12.4.34.,,Установка дверей деревянных,unobservable,,,явно,"Внутренние двери, подоконники, отделка приямков — внутри здания или ниже уровня обзора.",Жильё|Образование|Здравоохранение|Спорт|Культура|Административные здания|ДОУ|Офисно-деловой центр
219,12.4.35.,,Установка внутренних металлических дверей,unobservable,,,явно,"Внутренние двери, подоконники, отделка приямков — внутри здания или ниже уровня обзора.",Жильё|Образование|Здравоохранение|Спорт|Культура|Административные здания|ДОУ|Офисно-деловой центр
220,12.4.36.,,Установка наружных дверей,substage,7,7.1,явно,,Жильё|Образование|Здравоохранение|Спорт|Культура|Административные здания|ДОУ|Офисно-деловой центр
221,12.4.37.,,"Монтаж алюминиевых витражей (шторы противопожарные, алюминиевые витражи)",substage,7,7.1,явно,,Жильё|Образование|Здравоохранение|Спорт|Культура|Административные здания|ДОУ|Офисно-деловой центр
222,12.4.38.,,Установка оконных блоков ПВХ,substage,7,7.1,явно,,Жильё|Образование|Здравоохранение|Спорт|Культура|Административные здания|ДОУ|Офисно-деловой центр|Дороги
223,12.4.39.,,Установка алюминиевых подоконников,unobservable,,,явно,"Внутренние двери, подоконники, отделка приямков — внутри здания или ниже уровня обзора.",Жильё|Образование|Здравоохранение|Спорт|Культура|Административные здания|ДОУ|Офисно-деловой центр
224,12.4.40.,,Установка подоконников ГКЛВ с отделкой,unobservable,,,явно,"Внутренние двери, подоконники, отделка приямков — внутри здания или ниже уровня обзора.",Жильё|Образование|Здравоохранение|Спорт|Культура|Административные здания|ДОУ|Офисно-деловой центр
225,12.4.41.,,"Устройство теплоизоляции стен, в т.ч. укрытие плит утеплителя ветровлагозащитной пленкой (при необходимости)",substage,7,7.2,явно,,Жильё|Образование|Здравоохранение|Спорт|Культура|Административные здания|ДОУ|Офисно-деловой центр
226,12.4.42.,,Устройство вентилируемого навесного фасада из керамогранита,substage,7,7.3,явно,,Жильё|Образование|Здравоохранение|Спорт|Культура|Административные здания|ДОУ|Офисно-деловой центр
227,12.4.43.,,Облицовка цоколя крупноформатными панелями из керамогранита на растворе,substage,7,7.4,явно,,Жильё|Образование|Здравоохранение|Спорт|Культура|Административные здания|ДОУ|Офисно-деловой центр
228,12.4.44.,,Облицовка крылец и наружных лестниц нескользящей бетонной плитки с гранитной крошкой на клее,substage,7,7.4,явно,,Жильё|Образование|Здравоохранение|Спорт|Культура|Административные здания|ДОУ|Офисно-деловой центр
229,12.4.45.,,Устройство откосов и сливов из оцинкованной стали с полимерным покрытием,substage,7,7.4,явно,,Жильё|Образование|Здравоохранение|Спорт|Культура|Административные здания|ДОУ|Офисно-деловой центр
230,12.4.46.,,Навесной вентилируемый фасад из стеклофибробетона со вставками из стемалита,substage,7,7.3,явно,,Жильё|Образование|Здравоохранение|Спорт|Культура|Административные здания|ДОУ|Офисно-деловой центр
231,12.4.47.,,Облицовка цоколя гранитной плиткой на подсистеме вентилируемого фасада,substage,7,7.4,явно,,Жильё|Образование|Здравоохранение|Спорт|Культура|Административные здания|ДОУ|Офисно-деловой центр
232,12.4.48.,,Облицовка крылец и наружных лестниц гранитной плиткой на растворе,substage,7,7.4,явно,,Жильё|Образование|Здравоохранение|Спорт|Культура|Административные здания|ДОУ|Офисно-деловой центр
233,12.4.49.,,Металлические декоративные ламели,substage,7,7.4,явно,,Жильё|Образование|Здравоохранение|Спорт|Культура|Административные здания|ДОУ|Офисно-деловой центр
234,12.4.50.,,Облицовка керамогранитной плиткой внутренней поверхности приямков,unobservable,,,явно,"Внутренние двери, подоконники, отделка приямков — внутри здания или ниже уровня обзора.",Жильё|Образование|Здравоохранение|Спорт|Культура|Административные здания|ДОУ|Офисно-деловой центр
235,12.4.51.,,Подшивка нависающих частей здания алюминиевой рейкой,substage,7,7.4,явно,,Жильё|Образование|Здравоохранение|Спорт|Культура|Административные здания|ДОУ|Офисно-деловой центр
236,12.4.52.,,"Элементы фасада (логотипы, вывески, указатели, светильники, флагодержатели и пр.)",substage,7,7.4,явно,,Жильё|Образование|Здравоохранение|Спорт|Культура|Административные здания|ДОУ|Офисно-деловой центр
237,12.4.53.,,Ограждения из нержавеющей стали,substage,7,7.4,явно,,Жильё|Образование|Здравоохранение|Спорт|Культура|Административные здания|ДОУ|Офисно-деловой центр
238,12.4.54.,,Теплоизоляция фасада,substage,7,7.2,явно,,Жильё|Образование|Здравоохранение|Спорт|Культура|Административные здания|ДОУ|Офисно-деловой центр
239,12.4.55.,,Устройство гидроизоляции цоколя,substage,7,7.4,явно,,Жильё|Образование|Здравоохранение|Спорт|Культура|Административные здания|ДОУ|Офисно-деловой центр
240,12.4.56.,,Установка перфорированной фасадной кассеты,substage,7,7.3,явно,,Жильё|Образование|Здравоохранение|Спорт|Культура|Административные здания|ДОУ|Офисно-деловой центр
241,12.4.57.,,Монтаж козырьков,substage,7,7.4,явно,,Жильё|Образование|Здравоохранение|Спорт|Культура|Административные здания|ДОУ|Офисно-деловой центр
242,12.5.,,Устройство инженерных систем,unobservable,,,явно,"Внутренние инженерные сети (вентиляция, электрика, слаботочка, пожарные системы, ИТП) — внутри здания.",Жильё|Образование|Здравоохранение|Спорт|Культура|Административные здания|ДОУ|Офисно-деловой центр|Дороги
243,12.5.1.,,Устройство наружных сетей,substage,8,8.1,явно,,Жильё|Образование|Здравоохранение|Спорт|Культура|Административные здания|ДОУ|Офисно-деловой центр|Дороги
244,,12.5.1.,Теплосеть,substage,8,8.1,явно,,Жильё|Образование|Здравоохранение|Спорт|Культура|Административные здания|ДОУ|Офисно-деловой центр|Дороги
245,,12.5.1.,Водоснабжение,substage,8,8.1,явно,,Жильё|Образование|Здравоохранение|Спорт|Культура|Административные здания|ДОУ|Офисно-деловой центр|Дороги
246,,12.5.1.,Х/Б канализация,substage,8,8.1,явно,,Жильё|Образование|Здравоохранение|Спорт|Культура|Административные здания|ДОУ|Офисно-деловой центр|Дороги
247,,12.5.1.,Ливневая канализация,substage,8,8.1,явно,,Жильё|Образование|Здравоохранение|Спорт|Культура|Административные здания|ДОУ|Офисно-деловой центр|Дороги
248,,12.5.1.,Электроснабжение,substage,8,8.1,явно,,Жильё|Образование|Здравоохранение|Спорт|Культура|Административные здания|ДОУ|Офисно-деловой центр|Дороги
249,,12.5.1.,Слаботочные сети,substage,8,8.1,явно,,Жильё|Образование|Здравоохранение|Спорт|Культура|Административные здания|ДОУ|Офисно-деловой центр|Дороги
250,,12.5.1.,Устройство трубной канализации,out_of_scope,,,,только для дорог,Дороги
251,,12.5.1.,Прокладка кабеля,out_of_scope,,,,только для дорог,Дороги
252,,12.5.1.,"Дизель-генераторная установка, в т.ч. фундамент под оборудование",substage,8,8.1,явно,,Жильё|Образование|Здравоохранение|Спорт|Культура|Административные здания|ДОУ|Офисно-деловой центр|Дороги
253,,12.5.1.,Наружные сети связи,substage,8,8.1,явно,,Жильё|Образование|Здравоохранение|Спорт|Культура|Административные здания|ДОУ|Офисно-деловой центр|Дороги
254,12.5.2.,,Устройство внутренних сетей,unobservable,,,явно,"Внутренние инженерные сети (вентиляция, электрика, слаботочка, пожарные системы, ИТП) — внутри здания.",Жильё|Образование|Здравоохранение|Спорт|Культура|Административные здания|ДОУ|Офисно-деловой центр|Дороги
255,,12.5.2.,Вентиляция и кондиционирование,unobservable,,,наследует 12.5.2.,"Внутренние инженерные сети (вентиляция, электрика, слаботочка, пожарные системы, ИТП) — внутри здания.",Жильё|Образование|Здравоохранение|Спорт|Культура|Административные здания|ДОУ|Офисно-деловой центр|Дороги
256,,12.5.2.,Электрика,unobservable,,,наследует 12.5.2.,"Внутренние инженерные сети (вентиляция, электрика, слаботочка, пожарные системы, ИТП) — внутри здания.",Жильё|Образование|Здравоохранение|Спорт|Культура|Административные здания|ДОУ|Офисно-деловой центр|Дороги
257,,12.5.2.,Сантехника,unobservable,,,наследует 12.5.2.,"Внутренние инженерные сети (вентиляция, электрика, слаботочка, пожарные системы, ИТП) — внутри здания.",Жильё|Образование|Здравоохранение|Спорт|Культура|Административные здания|ДОУ|Офисно-деловой центр|Дороги
258,,12.5.2.,Сети связи,unobservable,,,наследует 12.5.2.,"Внутренние инженерные сети (вентиляция, электрика, слаботочка, пожарные системы, ИТП) — внутри здания.",Жильё|Образование|Здравоохранение|Спорт|Культура|Административные здания|ДОУ|Офисно-деловой центр|Дороги
259,,12.5.2.,Сети водоснабжения,unobservable,,,наследует 12.5.2.,"Внутренние инженерные сети (вентиляция, электрика, слаботочка, пожарные системы, ИТП) — внутри здания.",Жильё|Образование|Здравоохранение|Спорт|Культура|Административные здания|ДОУ|Офисно-деловой центр|Дороги
260,,12.5.2.,Сети канализации,unobservable,,,наследует 12.5.2.,"Внутренние инженерные сети (вентиляция, электрика, слаботочка, пожарные системы, ИТП) — внутри здания.",Жильё|Образование|Здравоохранение|Спорт|Культура|Административные здания|ДОУ|Офисно-деловой центр|Дороги
261,,12.5.2.,Система отопления,unobservable,,,наследует 12.5.2.,"Внутренние инженерные сети (вентиляция, электрика, слаботочка, пожарные системы, ИТП) — внутри здания.",Жильё|Образование|Здравоохранение|Спорт|Культура|Административные здания|ДОУ|Офисно-деловой центр|Дороги
262,,12.5.2.,Ливневая канализация,unobservable,,,наследует 12.5.2.,"Внутренние инженерные сети (вентиляция, электрика, слаботочка, пожарные системы, ИТП) — внутри здания.",Жильё|Образование|Здравоохранение|Спорт|Культура|Административные здания|ДОУ|Офисно-деловой центр|Дороги
263,,12.5.2.,Разработка грунта с креплением,out_of_scope,,,,только для дорог,Дороги
264,,12.5.2.,Устройство колодцев,out_of_scope,,,,только для дорог,Дороги
265,,12.5.2.,Прокладка труб,out_of_scope,,,,только для дорог,Дороги
266,,12.5.2.,Индивидуальный тепловой пункт (ИТП),unobservable,,,наследует 12.5.2.,"Внутренние инженерные сети (вентиляция, электрика, слаботочка, пожарные системы, ИТП) — внутри здания.",Жильё|Образование|Здравоохранение|Спорт|Культура|Административные здания|ДОУ|Офисно-деловой центр
267,,12.5.2.,Охранно-защитная дератизационная система (ОЗДС),unobservable,,,наследует 12.5.2.,"Внутренние инженерные сети (вентиляция, электрика, слаботочка, пожарные системы, ИТП) — внутри здания.",Жильё|Образование|Здравоохранение|Спорт|Культура|Административные здания|ДОУ|Офисно-деловой центр
268,,12.5.2.,Система автоматизации теплового пункта (АТМ ИТП),unobservable,,,наследует 12.5.2.,"Внутренние инженерные сети (вентиляция, электрика, слаботочка, пожарные системы, ИТП) — внутри здания.",Жильё|Образование|Здравоохранение|Спорт|Культура|Административные здания|ДОУ|Офисно-деловой центр
269,,12.5.2.,Силовое электрооборудование и электроосвещение теплового пункта (ЭОМ ИТП),unobservable,,,наследует 12.5.2.,"Внутренние инженерные сети (вентиляция, электрика, слаботочка, пожарные системы, ИТП) — внутри здания.",Жильё|Образование|Здравоохранение|Спорт|Культура|Административные здания|ДОУ|Офисно-деловой центр
270,,12.5.2.,Система радиофикации (РФ),unobservable,,,наследует 12.5.2.,"Внутренние инженерные сети (вентиляция, электрика, слаботочка, пожарные системы, ИТП) — внутри здания.",Жильё|Образование|Здравоохранение|Спорт|Культура|Административные здания|ДОУ|Офисно-деловой центр
271,,12.5.2.,Система электрочасофикации (ЭЧ),unobservable,,,наследует 12.5.2.,"Внутренние инженерные сети (вентиляция, электрика, слаботочка, пожарные системы, ИТП) — внутри здания.",Жильё|Образование|Здравоохранение|Спорт|Культура|Административные здания|ДОУ|Офисно-деловой центр
272,,12.5.2.,Обеспечение доступа инвалидам (ОДИ),unobservable,,,наследует 12.5.2.,"Внутренние инженерные сети (вентиляция, электрика, слаботочка, пожарные системы, ИТП) — внутри здания.",Жильё|Образование|Здравоохранение|Спорт|Культура|Административные здания|ДОУ|Офисно-деловой центр
273,,12.5.2.,Система вызова для МГН (СВМГН),unobservable,,,наследует 12.5.2.,"Внутренние инженерные сети (вентиляция, электрика, слаботочка, пожарные системы, ИТП) — внутри здания.",Жильё|Образование|Здравоохранение|Спорт|Культура|Административные здания|ДОУ|Офисно-деловой центр
274,,12.5.2.,"Система телефонизации, телевидения, доступа к сети передачи данных, домофонии, внутренних сетей (СС)",unobservable,,,наследует 12.5.2.,"Внутренние инженерные сети (вентиляция, электрика, слаботочка, пожарные системы, ИТП) — внутри здания.",Жильё|Образование|Здравоохранение|Спорт|Культура|Административные здания|ДОУ|Офисно-деловой центр
275,,12.5.2.,Система охранной сигнализации (ОС),unobservable,,,наследует 12.5.2.,"Внутренние инженерные сети (вентиляция, электрика, слаботочка, пожарные системы, ИТП) — внутри здания.",Жильё|Образование|Здравоохранение|Спорт|Культура|Административные здания|ДОУ|Офисно-деловой центр
276,,12.5.2.,Система охранного телевидения (СОТ),unobservable,,,наследует 12.5.2.,"Внутренние инженерные сети (вентиляция, электрика, слаботочка, пожарные системы, ИТП) — внутри здания.",Жильё|Образование|Здравоохранение|Спорт|Культура|Административные здания|ДОУ|Офисно-деловой центр
277,,12.5.2.,Система контроля управления доступом (СКУД),unobservable,,,наследует 12.5.2.,"Внутренние инженерные сети (вентиляция, электрика, слаботочка, пожарные системы, ИТП) — внутри здания.",Жильё|Образование|Здравоохранение|Спорт|Культура|Административные здания|ДОУ|Офисно-деловой центр
278,,12.5.2.,Система автоматической установки пожарная сигнализация (АПС),unobservable,,,наследует 12.5.2.,"Внутренние инженерные сети (вентиляция, электрика, слаботочка, пожарные системы, ИТП) — внутри здания.",Жильё|Образование|Здравоохранение|Спорт|Культура|Административные здания|ДОУ|Офисно-деловой центр
279,,12.5.2.,Система оповещения и управления эвакуацией (СОУЭ),unobservable,,,наследует 12.5.2.,"Внутренние инженерные сети (вентиляция, электрика, слаботочка, пожарные системы, ИТП) — внутри здания.",Жильё|Образование|Здравоохранение|Спорт|Культура|Административные здания|ДОУ|Офисно-деловой центр
280,,12.5.2.,Система автоматики противопожарной защиты (АППЗ),unobservable,,,наследует 12.5.2.,"Внутренние инженерные сети (вентиляция, электрика, слаботочка, пожарные системы, ИТП) — внутри здания.",Жильё|Образование|Здравоохранение|Спорт|Культура|Административные здания|ДОУ|Офисно-деловой центр
281,,12.5.2.,Автоматизация инженерных систем,unobservable,,,наследует 12.5.2.,"Внутренние инженерные сети (вентиляция, электрика, слаботочка, пожарные системы, ИТП) — внутри здания.",Жильё|Образование|Здравоохранение|Спорт|Культура|Административные здания|ДОУ|Офисно-деловой центр
282,,12.5.2.,Монтаж автоматической установки газового пожаротушения (АУГП),unobservable,,,наследует 12.5.2.,"Внутренние инженерные сети (вентиляция, электрика, слаботочка, пожарные системы, ИТП) — внутри здания.",Жильё|Образование|Здравоохранение|Спорт|Культура|Административные здания|ДОУ|Офисно-деловой центр
283,,12.5.2.,Автоматическая установка водяного пожаротушения,unobservable,,,наследует 12.5.2.,"Внутренние инженерные сети (вентиляция, электрика, слаботочка, пожарные системы, ИТП) — внутри здания.",Жильё|Образование|Здравоохранение|Спорт|Культура|Административные здания|ДОУ|Офисно-деловой центр
284,12.6.,,Отделочные работы,unobservable,,,явно,"Внутренняя отделка, лифты, эскалаторы, мебель и оборудование — внутри здания. Организаторы разрешили внутренние работы не учитывать.",Жильё|Образование|Здравоохранение|Спорт|Культура|Административные здания|ДОУ|Офисно-деловой центр|Дороги
285,12.6.1.,,Внешняя отделка,substage,7,7.3,явно,,Жильё|Образование|Здравоохранение|Спорт|Культура|Административные здания|ДОУ|Офисно-деловой центр|Дороги
286,,12.6.1.,Черновая отделка,substage,7,7.2,явно,,Жильё|Образование|Здравоохранение|Спорт|Культура|Административные здания|ДОУ|Офисно-деловой центр|Дороги
287,,12.6.1.,Чистовая отделка,substage,7,7.3,явно,,Жильё|Образование|Здравоохранение|Спорт|Культура|Административные здания|ДОУ|Офисно-деловой центр|Дороги
288,12.6.2.,,Внутренняя отделка,unobservable,,,явно,"Внутренняя отделка, лифты, эскалаторы, мебель и оборудование — внутри здания. Организаторы разрешили внутренние работы не учитывать.",Жильё|Образование|Здравоохранение|Спорт|Культура|Административные здания|ДОУ|Офисно-деловой центр|Дороги
289,,12.6.2.,Черновая отделка,unobservable,,,наследует 12.6.2.,"Внутренняя отделка, лифты, эскалаторы, мебель и оборудование — внутри здания. Организаторы разрешили внутренние работы не учитывать.",Жильё|Образование|Здравоохранение|Спорт|Культура|Административные здания|ДОУ|Офисно-деловой центр|Дороги
290,,12.6.2.,Чистовая отделка,unobservable,,,наследует 12.6.2.,"Внутренняя отделка, лифты, эскалаторы, мебель и оборудование — внутри здания. Организаторы разрешили внутренние работы не учитывать.",Жильё|Образование|Здравоохранение|Спорт|Культура|Административные здания|ДОУ|Офисно-деловой центр|Дороги
291,12.6.3.,,Внутренняя отделка полов,unobservable,,,явно,"Внутренняя отделка, лифты, эскалаторы, мебель и оборудование — внутри здания. Организаторы разрешили внутренние работы не учитывать.",Жильё|Образование|Здравоохранение|Спорт|Культура|Административные здания|ДОУ|Офисно-деловой центр
292,,12.6.3.,Черновая отделка полов,unobservable,,,наследует 12.6.3.,"Внутренняя отделка, лифты, эскалаторы, мебель и оборудование — внутри здания. Организаторы разрешили внутренние работы не учитывать.",Жильё|Образование|Здравоохранение|Спорт|Культура|Административные здания|ДОУ|Офисно-деловой центр
293,,12.6.3.,Чистовая отделка полов,unobservable,,,наследует 12.6.3.,"Внутренняя отделка, лифты, эскалаторы, мебель и оборудование — внутри здания. Организаторы разрешили внутренние работы не учитывать.",Жильё|Образование|Здравоохранение|Спорт|Культура|Административные здания|ДОУ|Офисно-деловой центр
294,12.6.4.,,Внутренняя отделка стен,unobservable,,,явно,"Внутренняя отделка, лифты, эскалаторы, мебель и оборудование — внутри здания. Организаторы разрешили внутренние работы не учитывать.",Жильё|Образование|Здравоохранение|Спорт|Культура|Административные здания|ДОУ|Офисно-деловой центр
295,,12.6.4.,Черновая отделка стен,unobservable,,,наследует 12.6.4.,"Внутренняя отделка, лифты, эскалаторы, мебель и оборудование — внутри здания. Организаторы разрешили внутренние работы не учитывать.",Жильё|Образование|Здравоохранение|Спорт|Культура|Административные здания|ДОУ|Офисно-деловой центр
296,,12.6.4.,Чистовая отделка стен,unobservable,,,наследует 12.6.4.,"Внутренняя отделка, лифты, эскалаторы, мебель и оборудование — внутри здания. Организаторы разрешили внутренние работы не учитывать.",Жильё|Образование|Здравоохранение|Спорт|Культура|Административные здания|ДОУ|Офисно-деловой центр
297,12.6.5.,,Внутренняя отделка потолков,unobservable,,,явно,"Внутренняя отделка, лифты, эскалаторы, мебель и оборудование — внутри здания. Организаторы разрешили внутренние работы не учитывать.",Жильё|Образование|Здравоохранение|Спорт|Культура|Административные здания|ДОУ|Офисно-деловой центр
298,,12.6.5.,Черновая отделка потолков,unobservable,,,наследует 12.6.5.,"Внутренняя отделка, лифты, эскалаторы, мебель и оборудование — внутри здания. Организаторы разрешили внутренние работы не учитывать.",Жильё|Образование|Здравоохранение|Спорт|Культура|Административные здания|ДОУ|Офисно-деловой центр
299,,12.6.5.,Чистовая отделка потолков,unobservable,,,наследует 12.6.5.,"Внутренняя отделка, лифты, эскалаторы, мебель и оборудование — внутри здания. Организаторы разрешили внутренние работы не учитывать.",Жильё|Образование|Здравоохранение|Спорт|Культура|Административные здания|ДОУ|Офисно-деловой центр
300,12.6.6.,,Внутренняя отделка дверей,unobservable,,,явно,"Внутренняя отделка, лифты, эскалаторы, мебель и оборудование — внутри здания. Организаторы разрешили внутренние работы не учитывать.",Жильё|Образование|Здравоохранение|Спорт|Культура|Административные здания|ДОУ|Офисно-деловой центр
301,,12.6.6.,Монтаж внутренних дверей,unobservable,,,наследует 12.6.6.,"Внутренняя отделка, лифты, эскалаторы, мебель и оборудование — внутри здания. Организаторы разрешили внутренние работы не учитывать.",Жильё|Образование|Здравоохранение|Спорт|Культура|Административные здания|ДОУ|Офисно-деловой центр
302,,12.6.6.,Монтаж наружных дверей и ворот,substage,7,7.1,явно,,Жильё|Образование|Здравоохранение|Спорт|Культура|Административные здания|ДОУ|Офисно-деловой центр
303,,12.6.6.,Двери автоматические раздвижные светопрозрачные,unobservable,,,наследует 12.6.6.,"Внутренняя отделка, лифты, эскалаторы, мебель и оборудование — внутри здания. Организаторы разрешили внутренние работы не учитывать.",Жильё|Образование|Здравоохранение|Спорт|Культура|Административные здания|ДОУ|Офисно-деловой центр
304,,12.6.6.,Двери алюминиевые наружные,substage,7,7.1,явно,,Жильё|Образование|Здравоохранение|Спорт|Культура|Административные здания|ДОУ|Офисно-деловой центр
305,,12.6.6.,Двери алюминиевые внутренние,unobservable,,,наследует 12.6.6.,"Внутренняя отделка, лифты, эскалаторы, мебель и оборудование — внутри здания. Организаторы разрешили внутренние работы не учитывать.",Жильё|Образование|Здравоохранение|Спорт|Культура|Административные здания|ДОУ|Офисно-деловой центр
306,,12.6.6.,Двери металлические наружные,substage,7,7.1,явно,,Жильё|Образование|Здравоохранение|Спорт|Культура|Административные здания|ДОУ|Офисно-деловой центр
307,,12.6.6.,Двери металлические взломостойкие с решеткой,unobservable,,,наследует 12.6.6.,"Внутренняя отделка, лифты, эскалаторы, мебель и оборудование — внутри здания. Организаторы разрешили внутренние работы не учитывать.",Жильё|Образование|Здравоохранение|Спорт|Культура|Административные здания|ДОУ|Офисно-деловой центр
308,,12.6.6.,Двери металлические рентгенозащитные,unobservable,,,наследует 12.6.6.,"Внутренняя отделка, лифты, эскалаторы, мебель и оборудование — внутри здания. Организаторы разрешили внутренние работы не учитывать.",Жильё|Образование|Здравоохранение|Спорт|Культура|Административные здания|ДОУ|Офисно-деловой центр
309,,12.6.6.,Двери глухие ПВХ,unobservable,,,наследует 12.6.6.,"Внутренняя отделка, лифты, эскалаторы, мебель и оборудование — внутри здания. Организаторы разрешили внутренние работы не учитывать.",Жильё|Образование|Здравоохранение|Спорт|Культура|Административные здания|ДОУ|Офисно-деловой центр
310,,12.6.6.,Двери комбинированные,unobservable,,,наследует 12.6.6.,"Внутренняя отделка, лифты, эскалаторы, мебель и оборудование — внутри здания. Организаторы разрешили внутренние работы не учитывать.",Жильё|Образование|Здравоохранение|Спорт|Культура|Административные здания|ДОУ|Офисно-деловой центр
311,,12.6.6.,Перегородки душевых кабинок из матового стекла,unobservable,,,наследует 12.6.6.,"Внутренняя отделка, лифты, эскалаторы, мебель и оборудование — внутри здания. Организаторы разрешили внутренние работы не учитывать.",Жильё|Образование|Здравоохранение|Спорт|Культура|Административные здания|ДОУ|Офисно-деловой центр
312,,12.6.6.,Сантехнические перегородки из HPL пластика,unobservable,,,наследует 12.6.6.,"Внутренняя отделка, лифты, эскалаторы, мебель и оборудование — внутри здания. Организаторы разрешили внутренние работы не учитывать.",Жильё|Образование|Здравоохранение|Спорт|Культура|Административные здания|ДОУ|Офисно-деловой центр
313,,12.6.6.,Трансформируемые перегородки,unobservable,,,наследует 12.6.6.,"Внутренняя отделка, лифты, эскалаторы, мебель и оборудование — внутри здания. Организаторы разрешили внутренние работы не учитывать.",Жильё|Образование|Здравоохранение|Спорт|Культура|Административные здания|ДОУ|Офисно-деловой центр
314,,12.6.6.,Люки,unobservable,,,наследует 12.6.6.,"Внутренняя отделка, лифты, эскалаторы, мебель и оборудование — внутри здания. Организаторы разрешили внутренние работы не учитывать.",Жильё|Образование|Здравоохранение|Спорт|Культура|Административные здания|ДОУ|Офисно-деловой центр
315,,12.6.6.,Люки герметические (кровля),unobservable,,,наследует 12.6.6.,"Внутренняя отделка, лифты, эскалаторы, мебель и оборудование — внутри здания. Организаторы разрешили внутренние работы не учитывать.",Жильё|Образование|Здравоохранение|Спорт|Культура|Административные здания|ДОУ|Офисно-деловой центр
316,12.6.7.,,Внутренняя отделка (технические помещения),unobservable,,,явно,"Внутренняя отделка, лифты, эскалаторы, мебель и оборудование — внутри здания. Организаторы разрешили внутренние работы не учитывать.",Жильё|Образование|Здравоохранение|Спорт|Культура|Административные здания|ДОУ|Офисно-деловой центр|Дороги
317,,12.6.7.,Черновая отделка,unobservable,,,наследует 12.6.7.,"Внутренняя отделка, лифты, эскалаторы, мебель и оборудование — внутри здания. Организаторы разрешили внутренние работы не учитывать.",Жильё|Образование|Здравоохранение|Спорт|Культура|Административные здания|ДОУ|Офисно-деловой центр|Дороги
318,,12.6.7.,Чистовая отделка,unobservable,,,наследует 12.6.7.,"Внутренняя отделка, лифты, эскалаторы, мебель и оборудование — внутри здания. Организаторы разрешили внутренние работы не учитывать.",Жильё|Образование|Здравоохранение|Спорт|Культура|Административные здания|ДОУ|Офисно-деловой центр|Дороги
319,12.6.8.,,Внутренняя отделка (пассажирские зоны),unobservable,,,явно,"Внутренняя отделка, лифты, эскалаторы, мебель и оборудование — внутри здания. Организаторы разрешили внутренние работы не учитывать.",Жильё|Образование|Здравоохранение|Спорт|Культура|Административные здания|ДОУ|Офисно-деловой центр|Дороги
320,,12.6.8.,Черновая отделка,unobservable,,,наследует 12.6.8.,"Внутренняя отделка, лифты, эскалаторы, мебель и оборудование — внутри здания. Организаторы разрешили внутренние работы не учитывать.",Жильё|Образование|Здравоохранение|Спорт|Культура|Административные здания|ДОУ|Офисно-деловой центр|Дороги
321,,12.6.8.,Чистовая отделка,unobservable,,,наследует 12.6.8.,"Внутренняя отделка, лифты, эскалаторы, мебель и оборудование — внутри здания. Организаторы разрешили внутренние работы не учитывать.",Жильё|Образование|Здравоохранение|Спорт|Культура|Административные здания|ДОУ|Офисно-деловой центр|Дороги
322,12.6.9.,,Монтаж вертикального транспорта,unobservable,,,явно,"Внутренняя отделка, лифты, эскалаторы, мебель и оборудование — внутри здания. Организаторы разрешили внутренние работы не учитывать.",Жильё|Образование|Здравоохранение|Спорт|Культура|Административные здания|ДОУ|Офисно-деловой центр|Дороги
323,12.6.10.,,Монтаж оборудования по ТХЗ,unobservable,,,явно,"Внутренняя отделка, лифты, эскалаторы, мебель и оборудование — внутри здания. Организаторы разрешили внутренние работы не учитывать.",Жильё|Образование|Здравоохранение|Спорт|Культура|Административные здания|ДОУ|Офисно-деловой центр|Дороги
324,12.6.11.,,Монтаж мебели,unobservable,,,явно,"Внутренняя отделка, лифты, эскалаторы, мебель и оборудование — внутри здания. Организаторы разрешили внутренние работы не учитывать.",Здравоохранение|Дороги
325,,12.6.11.,Медицинская мебель (с учетом установки и распаковки) (не облагаемая НДС),unobservable,,,наследует 12.6.11.,"Внутренняя отделка, лифты, эскалаторы, мебель и оборудование — внутри здания. Организаторы разрешили внутренние работы не учитывать.",Здравоохранение
326,,12.6.11.,Медицинская мебель (с учетом установки и распаковки),unobservable,,,наследует 12.6.11.,"Внутренняя отделка, лифты, эскалаторы, мебель и оборудование — внутри здания. Организаторы разрешили внутренние работы не учитывать.",Здравоохранение
327,,12.6.11.,Мебель общего назначения (с учетом установки и распаковки),unobservable,,,наследует 12.6.11.,"Внутренняя отделка, лифты, эскалаторы, мебель и оборудование — внутри здания. Организаторы разрешили внутренние работы не учитывать.",Здравоохранение
328,12.6.12.,,Монтаж эскалаторов,unobservable,,,явно,"Внутренняя отделка, лифты, эскалаторы, мебель и оборудование — внутри здания. Организаторы разрешили внутренние работы не учитывать.",Образование|Здравоохранение|Культура|Административные здания|ДОУ|Офисно-деловой центр|Дороги
329,12.6.13.,,Монтаж оборудования,unobservable,,,явно,"Внутренняя отделка, лифты, эскалаторы, мебель и оборудование — внутри здания. Организаторы разрешили внутренние работы не учитывать.",Здравоохранение
330,12.6.13.1.,,Монтируемое оборудование,unobservable,,,явно,"Внутренняя отделка, лифты, эскалаторы, мебель и оборудование — внутри здания. Организаторы разрешили внутренние работы не учитывать.",Здравоохранение
331,,12.6.13.1.,"Медицинское оборудование, с учетом монтажа",unobservable,,,наследует 12.6.13.1.,"Внутренняя отделка, лифты, эскалаторы, мебель и оборудование — внутри здания. Организаторы разрешили внутренние работы не учитывать.",Здравоохранение
332,,12.6.13.1.,"Медицинское оборудование, с учетом монтажа (не облагаемое НДС)",unobservable,,,наследует 12.6.13.1.,"Внутренняя отделка, лифты, эскалаторы, мебель и оборудование — внутри здания. Организаторы разрешили внутренние работы не учитывать.",Здравоохранение
333,,12.6.13.1.,"Офисное оборудование, с учетом монтажа",unobservable,,,наследует 12.6.13.1.,"Внутренняя отделка, лифты, эскалаторы, мебель и оборудование — внутри здания. Организаторы разрешили внутренние работы не учитывать.",Здравоохранение
334,,12.6.13.1.,"Оборудование и мебель конференц-зала, с учетом монтажа",unobservable,,,наследует 12.6.13.1.,"Внутренняя отделка, лифты, эскалаторы, мебель и оборудование — внутри здания. Организаторы разрешили внутренние работы не учитывать.",Здравоохранение
335,,12.6.13.1.,"Электро- и бытовая техника, с учетом монтажа",unobservable,,,наследует 12.6.13.1.,"Внутренняя отделка, лифты, эскалаторы, мебель и оборудование — внутри здания. Организаторы разрешили внутренние работы не учитывать.",Здравоохранение
336,,12.6.13.1.,"Хозяйственный инвентарь, с учетом монтажа",unobservable,,,наследует 12.6.13.1.,"Внутренняя отделка, лифты, эскалаторы, мебель и оборудование — внутри здания. Организаторы разрешили внутренние работы не учитывать.",Здравоохранение
337,,12.6.13.1.,"Периметр безопасности, с учетом монтажа",unobservable,,,наследует 12.6.13.1.,"Внутренняя отделка, лифты, эскалаторы, мебель и оборудование — внутри здания. Организаторы разрешили внутренние работы не учитывать.",Здравоохранение
338,,12.6.13.1.,"Спортивно-технологическое оборудование и спортивный инвентарь, с учетом монтажа",unobservable,,,наследует 12.6.13.1.,"Внутренняя отделка, лифты, эскалаторы, мебель и оборудование — внутри здания. Организаторы разрешили внутренние работы не учитывать.",Здравоохранение
339,,12.6.13.1.,"Учебное оборудование, с учетом монтажа",unobservable,,,наследует 12.6.13.1.,"Внутренняя отделка, лифты, эскалаторы, мебель и оборудование — внутри здания. Организаторы разрешили внутренние работы не учитывать.",Здравоохранение
340,,12.6.13.1.,"Учебное оборудование, с учетом монтажа (не облагаемое НДС)",unobservable,,,наследует 12.6.13.1.,"Внутренняя отделка, лифты, эскалаторы, мебель и оборудование — внутри здания. Организаторы разрешили внутренние работы не учитывать.",Здравоохранение
341,,12.6.13.1.,"Компьютеры и программное обеспечение, с учетом монтажа",unobservable,,,наследует 12.6.13.1.,"Внутренняя отделка, лифты, эскалаторы, мебель и оборудование — внутри здания. Организаторы разрешили внутренние работы не учитывать.",Здравоохранение
342,,12.6.13.1.,"Занавески, жалюзи и прочие предметы обстановки, с учетом монтажа",unobservable,,,наследует 12.6.13.1.,"Внутренняя отделка, лифты, эскалаторы, мебель и оборудование — внутри здания. Организаторы разрешили внутренние работы не учитывать.",Здравоохранение
343,,12.6.13.1.,"Кухонное оборудование и инвентарь, с учетом монтажа",unobservable,,,наследует 12.6.13.1.,"Внутренняя отделка, лифты, эскалаторы, мебель и оборудование — внутри здания. Организаторы разрешили внутренние работы не учитывать.",Здравоохранение
344,,12.6.13.1.,"Музыкальные инструменты и оборудование для залов, с учетом монтажа",unobservable,,,наследует 12.6.13.1.,"Внутренняя отделка, лифты, эскалаторы, мебель и оборудование — внутри здания. Организаторы разрешили внутренние работы не учитывать.",Здравоохранение
345,,12.6.13.1.,"Театральное оборудование, оборудование сцены (с учетом монтажа)",unobservable,,,наследует 12.6.13.1.,"Внутренняя отделка, лифты, эскалаторы, мебель и оборудование — внутри здания. Организаторы разрешили внутренние работы не учитывать.",Здравоохранение
346,,12.6.13.1.,"Светотехническое оборудование, с учетом монтажа",unobservable,,,наследует 12.6.13.1.,"Внутренняя отделка, лифты, эскалаторы, мебель и оборудование — внутри здания. Организаторы разрешили внутренние работы не учитывать.",Здравоохранение
347,,12.6.13.1.,"Торгово-технологическое оборудование, с учетом монтажа",unobservable,,,наследует 12.6.13.1.,"Внутренняя отделка, лифты, эскалаторы, мебель и оборудование — внутри здания. Организаторы разрешили внутренние работы не учитывать.",Здравоохранение
348,12.6.13.2.,,Немонтируемое оборудование,unobservable,,,явно,"Внутренняя отделка, лифты, эскалаторы, мебель и оборудование — внутри здания. Организаторы разрешили внутренние работы не учитывать.",Здравоохранение
349,,12.6.13.2.,"Инструмент медицинский, расходные материалы (не облагаемое НДС)",unobservable,,,наследует 12.6.13.2.,"Внутренняя отделка, лифты, эскалаторы, мебель и оборудование — внутри здания. Организаторы разрешили внутренние работы не учитывать.",Здравоохранение
350,,12.6.13.2.,"Инструмент медицинский, расходные материалы",unobservable,,,наследует 12.6.13.2.,"Внутренняя отделка, лифты, эскалаторы, мебель и оборудование — внутри здания. Организаторы разрешили внутренние работы не учитывать.",Здравоохранение
351,,12.6.13.2.,Хозяйственный инвентарь,unobservable,,,наследует 12.6.13.2.,"Внутренняя отделка, лифты, эскалаторы, мебель и оборудование — внутри здания. Организаторы разрешили внутренние работы не учитывать.",Здравоохранение
352,12.7.,,Благоустройство территории,header,,,явно,заголовок группы,Жильё|Образование|Здравоохранение|Спорт|Культура|Административные здания|ДОУ|Офисно-деловой центр|Дороги
353,12.7.1.,,Устройство проездов и тротуаров,substage,8,8.3,явно,,Жильё|Образование|Здравоохранение|Спорт|Культура|Административные здания|ДОУ|Офисно-деловой центр|Дороги
354,,12.7.1.,"Устройство асфальтобетонного покрытия проездов, тротуаров, площадок с установкой бортового камня",substage,8,8.3,явно,,Жильё|Образование|Здравоохранение|Спорт|Культура|Административные здания|ДОУ|Офисно-деловой центр
355,,12.7.1.,Устройство покрытий из тротуарной плитки с установкой бортового камня,substage,8,8.3,явно,,Жильё|Образование|Здравоохранение|Спорт|Культура|Административные здания|ДОУ|Офисно-деловой центр
356,,12.7.1.,Устройство бетонных покрытий (отмостка),substage,8,8.3,явно,,Жильё|Образование|Здравоохранение|Спорт|Культура|Административные здания|ДОУ|Офисно-деловой центр
357,,12.7.1.,Устройство площадок с покрытием из резиновой крошки,substage,8,8.3,явно,,Жильё|Образование|Здравоохранение|Спорт|Культура|Административные здания|ДОУ|Офисно-деловой центр
358,,12.7.1.,Установка водоотводных лотков,substage,8,8.3,явно,,Жильё|Образование|Здравоохранение|Спорт|Культура|Административные здания|ДОУ|Офисно-деловой центр
359,,12.7.1.,Устройство подпорных стен,substage,8,8.2,явно,,Жильё|Образование|Здравоохранение|Спорт|Культура|Административные здания|ДОУ|Офисно-деловой центр
360,,12.7.1.,"Обустройство дорог: установка знаков, нанесение разметки",substage,8,8.3,явно,,Жильё|Образование|Здравоохранение|Спорт|Культура|Административные здания|ДОУ|Офисно-деловой центр
361,12.7.2.,,Озеленение,substage,8,8.4,явно,,Жильё|Образование|Здравоохранение|Спорт|Культура|Административные здания|ДОУ|Офисно-деловой центр|Дороги
362,,12.7.2.,Устройство газона рулонного,substage,8,8.4,явно,,Жильё|Образование|Здравоохранение|Спорт|Культура|Административные здания|ДОУ|Офисно-деловой центр
363,,12.7.2.,Устройство газона посевного,substage,8,8.4,явно,,Жильё|Образование|Здравоохранение|Спорт|Культура|Административные здания|ДОУ|Офисно-деловой центр
364,,12.7.2.,Устройство цветников,substage,8,8.4,явно,,Жильё|Образование|Здравоохранение|Спорт|Культура|Административные здания|ДОУ|Офисно-деловой центр
365,,12.7.2.,Посадка деревьев,substage,8,8.4,явно,,Жильё|Образование|Здравоохранение|Спорт|Культура|Административные здания|ДОУ|Офисно-деловой центр
366,,12.7.2.,Посадка кустарников,substage,8,8.4,явно,,Жильё|Образование|Здравоохранение|Спорт|Культура|Административные здания|ДОУ|Офисно-деловой центр
367,12.7.3.,,Установка МАФов,substage,8,8.4,явно,,Жильё|Образование|Здравоохранение|Спорт|Культура|Административные здания|ДОУ|Офисно-деловой центр|Дороги
368,12.7.4.,,Вертикальная планировка,substage,8,8.2,явно,,Жильё|Образование|Здравоохранение|Спорт|Культура|Административные здания|ДОУ|Офисно-деловой центр|Дороги
369,,12.7.4.,Устройство насыпи,substage,8,8.2,явно,,Жильё|Образование|Здравоохранение|Спорт|Культура|Административные здания|ДОУ|Офисно-деловой центр
370,,12.7.4.,Устройство выемки,substage,8,8.2,явно,,Жильё|Образование|Здравоохранение|Спорт|Культура|Административные здания|ДОУ|Офисно-деловой центр
371,12.7.5.,,Посадка зеленых насаждений,substage,8,8.4,явно,,Жильё|Образование|Здравоохранение|Спорт|Культура|Административные здания|ДОУ|Офисно-деловой центр|Дороги
372,12.7.6.,,Ограждение территории,substage,8,8.5,явно,,Жильё|Образование|Здравоохранение|Спорт|Культура|Административные здания|ДОУ|Офисно-деловой центр
373,,12.7.6.,"Ограждение территории, в т.ч. ворота, калитки, шлагбаумы",substage,8,8.5,явно,,Жильё|Образование|Здравоохранение|Спорт|Культура|Административные здания|ДОУ|Офисно-деловой центр
374,,12.7.6.,Ограждение спортивной площадки,substage,8,8.5,явно,,Жильё|Образование|Здравоохранение|Спорт|Культура|Административные здания|ДОУ|Офисно-деловой центр
375,12.7.7.,,Устройство пешеходных зон и тротуаров,substage,8,8.3,явно,,Образование|Здравоохранение|Спорт|Культура|Административные здания|ДОУ|Офисно-деловой центр|Дороги
376,,12.7.7.,Наружное освещение,substage,8,8.5,явно,,Образование|Здравоохранение|Спорт|Культура|Административные здания|ДОУ|Офисно-деловой центр|Дороги
377,,12.7.7.,Прокладка кабеля,out_of_scope,,,,только для дорог,Дороги
378,,12.7.7.,Устройство фундаментов опор,out_of_scope,,,,только для дорог,Дороги
379,,12.7.7.,Установка опор,out_of_scope,,,,только для дорог,Дороги
380,,12.7.7.,Архитектурно-художественная подсветка здания,substage,8,8.5,явно,,Жильё|Образование|Здравоохранение|Спорт|Культура|Административные здания|ДОУ|Офисно-деловой центр|Дороги
